source_session_id,canonical_label,canonical_label_id,source_activity,outer_fold,split_protocol,source_csv,session_window_count,walking_windows,standing_windows,sitting_windows,fall_windows
falling_20260714_160429_20hz,fall,3,fall,1,sgkf_grouped_20260731_seed42_k4,data/staging/20260731_rebuild01/cleaned_csv/falling_20260714_160429_20hz.csv,3,0,0,0,3
falling_20260714_160514_20hz,fall,3,fall,2,sgkf_grouped_20260731_seed42_k4,data/staging/20260731_rebuild01/cleaned_csv/falling_20260714_160514_20hz.csv,4,0,1,0,3
falling_20260714_160558_20hz,fall,3,fall,3,sgkf_grouped_20260731_seed42_k4,data/staging/20260731_rebuild01/cleaned_csv/falling_20260714_160558_20hz.csv,1,0,0,0,1
falling_20260714_160643_20hz,fall,3,fall,4,sgkf_grouped_20260731_seed42_k4,data/staging/20260731_rebuild01/cleaned_csv/falling_20260714_160643_20hz.csv,2,0,0,0,2
falling_20260714_160712_20hz,fall,3,fall,1,sgkf_grouped_20260731_seed42_k4,data/staging/20260731_rebuild01/cleaned_csv/falling_20260714_160712_20hz.csv,1,0,1,0,0
falling_20260714_160746_20hz,fall,3,fall,2,sgkf_grouped_20260731_seed42_k4,data/staging/20260731_rebuild01/cleaned_csv/falling_20260714_160746_20hz.csv,4,0,1,0,3
falling_20260714_160910_20hz,fall,3,fall,3,sgkf_grouped_20260731_seed42_k4,data/staging/20260731_rebuild01/cleaned_csv/falling_20260714_160910_20hz.csv,3,0,2,0,1
falling_20260714_161012_20hz,fall,3,fall,2,sgkf_grouped_20260731_seed42_k4,data/staging/20260731_rebuild01/cleaned_csv/falling_20260714_161012_20hz.csv,3,0,3,0,0
falling_20260714_161118_20hz,fall,3,fall,4,sgkf_grouped_20260731_seed42_k4,data/staging/20260731_rebuild01/cleaned_csv/falling_20260714_161118_20hz.csv,2,0,0,0,2
falling_20260714_161242_20hz,fall,3,fall,2,sgkf_grouped_20260731_seed42_k4,data/staging/20260731_rebuild01/cleaned_csv/falling_20260714_161242_20hz.csv,2,0,0,0,2
falling_20260714_161320_20hz,fall,3,fall,4,sgkf_grouped_20260731_seed42_k4,data/staging/20260731_rebuild01/cleaned_csv/falling_20260714_161320_20hz.csv,4,0,2,0,2
falling_20260714_161412_20hz,fall,3,fall,3,sgkf_grouped_20260731_seed42_k4,data/staging/20260731_rebuild01/cleaned_csv/falling_20260714_161412_20hz.csv,3,0,2,0,1
falling_20260714_161434_20hz,fall,3,fall,1,sgkf_grouped_20260731_seed42_k4,data/staging/20260731_rebuild01/cleaned_csv/falling_20260714_161434_20hz.csv,2,0,2,0,0
falling_20260714_161551_20hz,fall,3,fall,1,sgkf_grouped_20260731_seed42_k4,data/staging/20260731_rebuild01/cleaned_csv/falling_20260714_161551_20hz.csv,3,0,1,0,2
falling_20260714_161632_20hz,fall,3,fall,3,sgkf_grouped_20260731_seed42_k4,data/staging/20260731_rebuild01/cleaned_csv/falling_20260714_161632_20hz.csv,3,0,0,0,3
falling_20260715_135643_20hz,fall,3,fall,2,sgkf_grouped_20260731_seed42_k4,data/staging/20260731_rebuild01/cleaned_csv/falling_20260715_135643_20hz.csv,3,0,2,0,1
falling_20260715_135656_20hz,fall,3,fall,3,sgkf_grouped_20260731_seed42_k4,data/staging/20260731_rebuild01/cleaned_csv/falling_20260715_135656_20hz.csv,1,0,1,0,0
falling_20260715_135739_20hz,fall,3,fall,4,sgkf_grouped_20260731_seed42_k4,data/staging/20260731_rebuild01/cleaned_csv/falling_20260715_135739_20hz.csv,4,0,2,0,2
falling_20260715_135815_20hz,fall,3,fall,4,sgkf_grouped_20260731_seed42_k4,data/staging/20260731_rebuild01/cleaned_csv/falling_20260715_135815_20hz.csv,2,0,2,0,0
falling_20260715_135901_20hz,fall,3,fall,1,sgkf_grouped_20260731_seed42_k4,data/staging/20260731_rebuild01/cleaned_csv/falling_20260715_135901_20hz.csv,1,0,1,0,0
falling_20260715_135915_20hz,fall,3,fall,3,sgkf_grouped_20260731_seed42_k4,data/staging/20260731_rebuild01/cleaned_csv/falling_20260715_135915_20hz.csv,1,0,0,0,1
falling_20260715_140019_20hz,fall,3,fall,4,sgkf_grouped_20260731_seed42_k4,data/staging/20260731_rebuild01/cleaned_csv/falling_20260715_140019_20hz.csv,3,0,0,0,3
falling_20260715_140220_20hz,fall,3,fall,2,sgkf_grouped_20260731_seed42_k4,data/staging/20260731_rebuild01/cleaned_csv/falling_20260715_140220_20hz.csv,3,0,0,0,3
falling_20260715_140305_20hz,fall,3,fall,1,sgkf_grouped_20260731_seed42_k4,data/staging/20260731_rebuild01/cleaned_csv/falling_20260715_140305_20hz.csv,1,0,0,0,1
falling_20260715_140329_20hz,fall,3,fall,2,sgkf_grouped_20260731_seed42_k4,data/staging/20260731_rebuild01/cleaned_csv/falling_20260715_140329_20hz.csv,3,0,0,0,3
falling_20260715_140506_20hz,fall,3,fall,3,sgkf_grouped_20260731_seed42_k4,data/staging/20260731_rebuild01/cleaned_csv/falling_20260715_140506_20hz.csv,2,0,0,0,2
falling_20260715_140533_20hz,fall,3,fall,4,sgkf_grouped_20260731_seed42_k4,data/staging/20260731_rebuild01/cleaned_csv/falling_20260715_140533_20hz.csv,3,0,0,0,3
falling_20260715_140548_20hz,fall,3,fall,1,sgkf_grouped_20260731_seed42_k4,data/staging/20260731_rebuild01/cleaned_csv/falling_20260715_140548_20hz.csv,3,0,1,0,2
falling_20260715_140602_20hz,fall,3,fall,4,sgkf_grouped_20260731_seed42_k4,data/staging/20260731_rebuild01/cleaned_csv/falling_20260715_140602_20hz.csv,2,0,2,0,0
falling_20260715_141456_20hz,fall,3,fall,2,sgkf_grouped_20260731_seed42_k4,data/staging/20260731_rebuild01/cleaned_csv/falling_20260715_141456_20hz.csv,3,0,0,0,3
falling_20260715_141624_20hz,fall,3,fall,3,sgkf_grouped_20260731_seed42_k4,data/staging/20260731_rebuild01/cleaned_csv/falling_20260715_141624_20hz.csv,3,0,0,0,3
falling_20260715_141756_20hz,fall,3,fall,3,sgkf_grouped_20260731_seed42_k4,data/staging/20260731_rebuild01/cleaned_csv/falling_20260715_141756_20hz.csv,4,0,2,0,2
falling_20260715_141826_20hz,fall,3,fall,1,sgkf_grouped_20260731_seed42_k4,data/staging/20260731_rebuild01/cleaned_csv/falling_20260715_141826_20hz.csv,3,0,2,0,1
falling_20260715_141852_20hz,fall,3,fall,2,sgkf_grouped_20260731_seed42_k4,data/staging/20260731_rebuild01/cleaned_csv/falling_20260715_141852_20hz.csv,4,0,1,0,3
falling_20260715_141918_20hz,fall,3,fall,4,sgkf_grouped_20260731_seed42_k4,data/staging/20260731_rebuild01/cleaned_csv/falling_20260715_141918_20hz.csv,3,0,1,0,2
falling_20260715_141936_20hz,fall,3,fall,2,sgkf_grouped_20260731_seed42_k4,data/staging/20260731_rebuild01/cleaned_csv/falling_20260715_141936_20hz.csv,3,0,0,0,3
falling_20260715_142008_20hz,fall,3,fall,3,sgkf_grouped_20260731_seed42_k4,data/staging/20260731_rebuild01/cleaned_csv/falling_20260715_142008_20hz.csv,4,0,2,0,2
falling_20260715_142031_20hz,fall,3,fall,4,sgkf_grouped_20260731_seed42_k4,data/staging/20260731_rebuild01/cleaned_csv/falling_20260715_142031_20hz.csv,3,0,0,0,3
falling_20260715_142055_20hz,fall,3,fall,2,sgkf_grouped_20260731_seed42_k4,data/staging/20260731_rebuild01/cleaned_csv/falling_20260715_142055_20hz.csv,4,0,2,0,2
falling_20260715_142152_20hz,fall,3,fall,3,sgkf_grouped_20260731_seed42_k4,data/staging/20260731_rebuild01/cleaned_csv/falling_20260715_142152_20hz.csv,1,0,0,0,1
falling_20260715_142600_20hz,fall,3,fall,4,sgkf_grouped_20260731_seed42_k4,data/staging/20260731_rebuild01/cleaned_csv/falling_20260715_142600_20hz.csv,4,0,1,0,3
falling_20260715_142652_20hz,fall,3,fall,1,sgkf_grouped_20260731_seed42_k4,data/staging/20260731_rebuild01/cleaned_csv/falling_20260715_142652_20hz.csv,4,0,1,0,3
falling_20260715_142728_20hz,fall,3,fall,1,sgkf_grouped_20260731_seed42_k4,data/staging/20260731_rebuild01/cleaned_csv/falling_20260715_142728_20hz.csv,4,0,1,0,3
falling_20260715_142807_20hz,fall,3,fall,2,sgkf_grouped_20260731_seed42_k4,data/staging/20260731_rebuild01/cleaned_csv/falling_20260715_142807_20hz.csv,3,0,0,0,3
falling_20260715_142944_20hz,fall,3,fall,3,sgkf_grouped_20260731_seed42_k4,data/staging/20260731_rebuild01/cleaned_csv/falling_20260715_142944_20hz.csv,2,0,0,0,2
falling_20260715_143008_20hz,fall,3,fall,1,sgkf_grouped_20260731_seed42_k4,data/staging/20260731_rebuild01/cleaned_csv/falling_20260715_143008_20hz.csv,3,0,0,0,3
falling_20260715_143227_20hz,fall,3,fall,2,sgkf_grouped_20260731_seed42_k4,data/staging/20260731_rebuild01/cleaned_csv/falling_20260715_143227_20hz.csv,3,0,1,0,2
falling_20260715_143326_20hz,fall,3,fall,3,sgkf_grouped_20260731_seed42_k4,data/staging/20260731_rebuild01/cleaned_csv/falling_20260715_143326_20hz.csv,3,0,2,0,1
falling_20260715_143341_20hz,fall,3,fall,4,sgkf_grouped_20260731_seed42_k4,data/staging/20260731_rebuild01/cleaned_csv/falling_20260715_143341_20hz.csv,2,0,1,0,1
falling_20260715_143405_20hz,fall,3,fall,1,sgkf_grouped_20260731_seed42_k4,data/staging/20260731_rebuild01/cleaned_csv/falling_20260715_143405_20hz.csv,2,0,2,0,0
falling_20260715_143422_20hz,fall,3,fall,3,sgkf_grouped_20260731_seed42_k4,data/staging/20260731_rebuild01/cleaned_csv/falling_20260715_143422_20hz.csv,2,0,1,0,1
falling_20260717_140851_20hz,fall,3,fall,2,sgkf_grouped_20260731_seed42_k4,data/staging/20260731_rebuild01/cleaned_csv/falling_20260717_140851_20hz.csv,3,0,0,0,3
falling_20260717_140959_20hz,fall,3,fall,4,sgkf_grouped_20260731_seed42_k4,data/staging/20260731_rebuild01/cleaned_csv/falling_20260717_140959_20hz.csv,3,0,0,0,3
falling_20260717_141137_20hz,fall,3,fall,1,sgkf_grouped_20260731_seed42_k4,data/staging/20260731_rebuild01/cleaned_csv/falling_20260717_141137_20hz.csv,3,0,0,0,3
falling_20260717_141220_20hz,fall,3,fall,2,sgkf_grouped_20260731_seed42_k4,data/staging/20260731_rebuild01/cleaned_csv/falling_20260717_141220_20hz.csv,3,0,0,0,3
falling_20260717_141339_20hz,fall,3,fall,3,sgkf_grouped_20260731_seed42_k4,data/staging/20260731_rebuild01/cleaned_csv/falling_20260717_141339_20hz.csv,2,0,1,0,1
falling_20260717_141634_20hz,fall,3,fall,4,sgkf_grouped_20260731_seed42_k4,data/staging/20260731_rebuild01/cleaned_csv/falling_20260717_141634_20hz.csv,3,0,0,0,3
falling_20260717_141837_20hz,fall,3,fall,1,sgkf_grouped_20260731_seed42_k4,data/staging/20260731_rebuild01/cleaned_csv/falling_20260717_141837_20hz.csv,1,0,1,0,0
falling_20260717_142021_20hz,fall,3,fall,3,sgkf_grouped_20260731_seed42_k4,data/staging/20260731_rebuild01/cleaned_csv/falling_20260717_142021_20hz.csv,3,0,0,0,3
falling_20260717_142033_20hz,fall,3,fall,4,sgkf_grouped_20260731_seed42_k4,data/staging/20260731_rebuild01/cleaned_csv/falling_20260717_142033_20hz.csv,1,0,0,0,1
falling_20260717_142102_20hz,fall,3,fall,1,sgkf_grouped_20260731_seed42_k4,data/staging/20260731_rebuild01/cleaned_csv/falling_20260717_142102_20hz.csv,4,0,1,0,3
falling_20260717_142243_20hz,fall,3,fall,2,sgkf_grouped_20260731_seed42_k4,data/staging/20260731_rebuild01/cleaned_csv/falling_20260717_142243_20hz.csv,2,0,0,0,2
falling_20260717_142341_20hz,fall,3,fall,3,sgkf_grouped_20260731_seed42_k4,data/staging/20260731_rebuild01/cleaned_csv/falling_20260717_142341_20hz.csv,2,0,0,0,2
falling_20260717_142423_20hz,fall,3,fall,4,sgkf_grouped_20260731_seed42_k4,data/staging/20260731_rebuild01/cleaned_csv/falling_20260717_142423_20hz.csv,3,0,0,0,3
falling_20260717_142618_20hz,fall,3,fall,1,sgkf_grouped_20260731_seed42_k4,data/staging/20260731_rebuild01/cleaned_csv/falling_20260717_142618_20hz.csv,3,0,0,0,3
falling_20260717_142754_20hz,fall,3,fall,2,sgkf_grouped_20260731_seed42_k4,data/staging/20260731_rebuild01/cleaned_csv/falling_20260717_142754_20hz.csv,3,0,0,0,3
falling_20260717_142808_20hz,fall,3,fall,3,sgkf_grouped_20260731_seed42_k4,data/staging/20260731_rebuild01/cleaned_csv/falling_20260717_142808_20hz.csv,3,0,0,0,3
falling_20260717_142825_20hz,fall,3,fall,3,sgkf_grouped_20260731_seed42_k4,data/staging/20260731_rebuild01/cleaned_csv/falling_20260717_142825_20hz.csv,3,0,3,0,0
falling_20260717_143032_20hz,fall,3,fall,4,sgkf_grouped_20260731_seed42_k4,data/staging/20260731_rebuild01/cleaned_csv/falling_20260717_143032_20hz.csv,1,0,0,0,1
falling_20260717_143219_20hz,fall,3,fall,2,sgkf_grouped_20260731_seed42_k4,data/staging/20260731_rebuild01/cleaned_csv/falling_20260717_143219_20hz.csv,3,0,0,0,3
falling_20260717_143235_20hz,fall,3,fall,1,sgkf_grouped_20260731_seed42_k4,data/staging/20260731_rebuild01/cleaned_csv/falling_20260717_143235_20hz.csv,3,0,0,0,3
falling_20260717_144138_20hz,fall,3,fall,3,sgkf_grouped_20260731_seed42_k4,data/staging/20260731_rebuild01/cleaned_csv/falling_20260717_144138_20hz.csv,4,0,1,0,3
falling_20260717_144308_20hz,fall,3,fall,4,sgkf_grouped_20260731_seed42_k4,data/staging/20260731_rebuild01/cleaned_csv/falling_20260717_144308_20hz.csv,2,0,0,0,2
sitting_20260714_132627_20hz,sitting,2,sitting,1,sgkf_grouped_20260731_seed42_k4,data/staging/20260731_rebuild01/cleaned_csv/sitting_20260714_132627_20hz.csv,5,0,0,5,0
sitting_20260714_132742_20hz,sitting,2,sitting,2,sgkf_grouped_20260731_seed42_k4,data/staging/20260731_rebuild01/cleaned_csv/sitting_20260714_132742_20hz.csv,5,0,0,5,0
sitting_20260714_132755_20hz,sitting,2,sitting,4,sgkf_grouped_20260731_seed42_k4,data/staging/20260731_rebuild01/cleaned_csv/sitting_20260714_132755_20hz.csv,5,0,0,5,0
sitting_20260714_132815_20hz,sitting,2,sitting,1,sgkf_grouped_20260731_seed42_k4,data/staging/20260731_rebuild01/cleaned_csv/sitting_20260714_132815_20hz.csv,5,0,0,5,0
sitting_20260714_132832_20hz,sitting,2,sitting,2,sgkf_grouped_20260731_seed42_k4,data/staging/20260731_rebuild01/cleaned_csv/sitting_20260714_132832_20hz.csv,5,0,0,5,0
sitting_20260714_132843_20hz,sitting,2,sitting,4,sgkf_grouped_20260731_seed42_k4,data/staging/20260731_rebuild01/cleaned_csv/sitting_20260714_132843_20hz.csv,5,0,0,5,0
sitting_20260714_132855_20hz,sitting,2,sitting,4,sgkf_grouped_20260731_seed42_k4,data/staging/20260731_rebuild01/cleaned_csv/sitting_20260714_132855_20hz.csv,5,0,0,5,0
sitting_20260714_132908_20hz,sitting,2,sitting,3,sgkf_grouped_20260731_seed42_k4,data/staging/20260731_rebuild01/cleaned_csv/sitting_20260714_132908_20hz.csv,5,0,0,5,0
sitting_20260714_132919_20hz,sitting,2,sitting,1,sgkf_grouped_20260731_seed42_k4,data/staging/20260731_rebuild01/cleaned_csv/sitting_20260714_132919_20hz.csv,5,0,0,5,0
sitting_20260714_132930_20hz,sitting,2,sitting,2,sgkf_grouped_20260731_seed42_k4,data/staging/20260731_rebuild01/cleaned_csv/sitting_20260714_132930_20hz.csv,5,0,0,5,0
sitting_20260714_133248_20hz,sitting,2,sitting,2,sgkf_grouped_20260731_seed42_k4,data/staging/20260731_rebuild01/cleaned_csv/sitting_20260714_133248_20hz.csv,5,0,0,5,0
sitting_20260714_133300_20hz,sitting,2,sitting,3,sgkf_grouped_20260731_seed42_k4,data/staging/20260731_rebuild01/cleaned_csv/sitting_20260714_133300_20hz.csv,5,0,0,5,0
sitting_20260714_133310_20hz,sitting,2,sitting,3,sgkf_grouped_20260731_seed42_k4,data/staging/20260731_rebuild01/cleaned_csv/sitting_20260714_133310_20hz.csv,5,0,0,5,0
sitting_20260714_133320_20hz,sitting,2,sitting,3,sgkf_grouped_20260731_seed42_k4,data/staging/20260731_rebuild01/cleaned_csv/sitting_20260714_133320_20hz.csv,5,0,0,5,0
sitting_20260714_133331_20hz,sitting,2,sitting,4,sgkf_grouped_20260731_seed42_k4,data/staging/20260731_rebuild01/cleaned_csv/sitting_20260714_133331_20hz.csv,5,0,0,5,0
sitting_20260714_133341_20hz,sitting,2,sitting,3,sgkf_grouped_20260731_seed42_k4,data/staging/20260731_rebuild01/cleaned_csv/sitting_20260714_133341_20hz.csv,5,0,0,5,0
sitting_20260714_133400_20hz,sitting,2,sitting,1,sgkf_grouped_20260731_seed42_k4,data/staging/20260731_rebuild01/cleaned_csv/sitting_20260714_133400_20hz.csv,5,0,0,5,0
sitting_20260714_133416_20hz,sitting,2,sitting,4,sgkf_grouped_20260731_seed42_k4,data/staging/20260731_rebuild01/cleaned_csv/sitting_20260714_133416_20hz.csv,5,0,0,5,0
sitting_20260714_133425_20hz,sitting,2,sitting,1,sgkf_grouped_20260731_seed42_k4,data/staging/20260731_rebuild01/cleaned_csv/sitting_20260714_133425_20hz.csv,5,0,0,5,0
sitting_20260714_133632_20hz,sitting,2,sitting,2,sgkf_grouped_20260731_seed42_k4,data/staging/20260731_rebuild01/cleaned_csv/sitting_20260714_133632_20hz.csv,5,0,0,5,0
sitting_20260714_133641_20hz,sitting,2,sitting,4,sgkf_grouped_20260731_seed42_k4,data/staging/20260731_rebuild01/cleaned_csv/sitting_20260714_133641_20hz.csv,5,0,0,5,0
sitting_20260714_133652_20hz,sitting,2,sitting,3,sgkf_grouped_20260731_seed42_k4,data/staging/20260731_rebuild01/cleaned_csv/sitting_20260714_133652_20hz.csv,5,0,0,5,0
sitting_20260714_133702_20hz,sitting,2,sitting,2,sgkf_grouped_20260731_seed42_k4,data/staging/20260731_rebuild01/cleaned_csv/sitting_20260714_133702_20hz.csv,5,0,0,5,0
sitting_20260714_133712_20hz,sitting,2,sitting,1,sgkf_grouped_20260731_seed42_k4,data/staging/20260731_rebuild01/cleaned_csv/sitting_20260714_133712_20hz.csv,4,0,0,4,0
sitting_20260714_133722_20hz,sitting,2,sitting,3,sgkf_grouped_20260731_seed42_k4,data/staging/20260731_rebuild01/cleaned_csv/sitting_20260714_133722_20hz.csv,5,0,0,5,0
sitting_20260714_133732_20hz,sitting,2,sitting,1,sgkf_grouped_20260731_seed42_k4,data/staging/20260731_rebuild01/cleaned_csv/sitting_20260714_133732_20hz.csv,5,0,0,5,0
sitting_20260714_133750_20hz,sitting,2,sitting,1,sgkf_grouped_20260731_seed42_k4,data/staging/20260731_rebuild01/cleaned_csv/sitting_20260714_133750_20hz.csv,5,0,0,5,0
sitting_20260714_133800_20hz,sitting,2,sitting,4,sgkf_grouped_20260731_seed42_k4,data/staging/20260731_rebuild01/cleaned_csv/sitting_20260714_133800_20hz.csv,5,0,0,5,0
sitting_20260714_133810_20hz,sitting,2,sitting,4,sgkf_grouped_20260731_seed42_k4,data/staging/20260731_rebuild01/cleaned_csv/sitting_20260714_133810_20hz.csv,5,0,0,5,0
sitting_20260714_133940_20hz,sitting,2,sitting,2,sgkf_grouped_20260731_seed42_k4,data/staging/20260731_rebuild01/cleaned_csv/sitting_20260714_133940_20hz.csv,4,0,0,4,0
sitting_20260714_134228_20hz,sitting,2,sitting,4,sgkf_grouped_20260731_seed42_k4,data/staging/20260731_rebuild01/cleaned_csv/sitting_20260714_134228_20hz.csv,5,0,0,5,0
sitting_20260714_134237_20hz,sitting,2,sitting,3,sgkf_grouped_20260731_seed42_k4,data/staging/20260731_rebuild01/cleaned_csv/sitting_20260714_134237_20hz.csv,5,0,0,5,0
sitting_20260714_134257_20hz,sitting,2,sitting,1,sgkf_grouped_20260731_seed42_k4,data/staging/20260731_rebuild01/cleaned_csv/sitting_20260714_134257_20hz.csv,4,0,0,4,0
sitting_20260714_134510_20hz,sitting,2,sitting,2,sgkf_grouped_20260731_seed42_k4,data/staging/20260731_rebuild01/cleaned_csv/sitting_20260714_134510_20hz.csv,5,0,0,5,0
sitting_20260714_134524_20hz,sitting,2,sitting,3,sgkf_grouped_20260731_seed42_k4,data/staging/20260731_rebuild01/cleaned_csv/sitting_20260714_134524_20hz.csv,5,0,0,5,0
sitting_20260714_134543_20hz,sitting,2,sitting,4,sgkf_grouped_20260731_seed42_k4,data/staging/20260731_rebuild01/cleaned_csv/sitting_20260714_134543_20hz.csv,5,0,0,5,0
sitting_20260714_134554_20hz,sitting,2,sitting,1,sgkf_grouped_20260731_seed42_k4,data/staging/20260731_rebuild01/cleaned_csv/sitting_20260714_134554_20hz.csv,5,0,0,5,0
sitting_20260714_134637_20hz,sitting,2,sitting,4,sgkf_grouped_20260731_seed42_k4,data/staging/20260731_rebuild01/cleaned_csv/sitting_20260714_134637_20hz.csv,5,0,0,5,0
sitting_20260714_134648_20hz,sitting,2,sitting,2,sgkf_grouped_20260731_seed42_k4,data/staging/20260731_rebuild01/cleaned_csv/sitting_20260714_134648_20hz.csv,5,0,0,5,0
sitting_20260714_134700_20hz,sitting,2,sitting,3,sgkf_grouped_20260731_seed42_k4,data/staging/20260731_rebuild01/cleaned_csv/sitting_20260714_134700_20hz.csv,5,0,0,5,0
sitting_20260714_134718_20hz,sitting,2,sitting,1,sgkf_grouped_20260731_seed42_k4,data/staging/20260731_rebuild01/cleaned_csv/sitting_20260714_134718_20hz.csv,5,0,0,5,0
sitting_20260714_134801_20hz,sitting,2,sitting,2,sgkf_grouped_20260731_seed42_k4,data/staging/20260731_rebuild01/cleaned_csv/sitting_20260714_134801_20hz.csv,5,0,0,5,0
sitting_20260714_134816_20hz,sitting,2,sitting,4,sgkf_grouped_20260731_seed42_k4,data/staging/20260731_rebuild01/cleaned_csv/sitting_20260714_134816_20hz.csv,5,0,0,5,0
sitting_20260714_134827_20hz,sitting,2,sitting,3,sgkf_grouped_20260731_seed42_k4,data/staging/20260731_rebuild01/cleaned_csv/sitting_20260714_134827_20hz.csv,5,0,0,5,0
sitting_20260714_134839_20hz,sitting,2,sitting,3,sgkf_grouped_20260731_seed42_k4,data/staging/20260731_rebuild01/cleaned_csv/sitting_20260714_134839_20hz.csv,5,0,0,5,0
sitting_20260714_134849_20hz,sitting,2,sitting,1,sgkf_grouped_20260731_seed42_k4,data/staging/20260731_rebuild01/cleaned_csv/sitting_20260714_134849_20hz.csv,5,0,0,5,0
sitting_20260714_134900_20hz,sitting,2,sitting,2,sgkf_grouped_20260731_seed42_k4,data/staging/20260731_rebuild01/cleaned_csv/sitting_20260714_134900_20hz.csv,5,0,0,5,0
sitting_20260714_134910_20hz,sitting,2,sitting,4,sgkf_grouped_20260731_seed42_k4,data/staging/20260731_rebuild01/cleaned_csv/sitting_20260714_134910_20hz.csv,5,0,0,5,0
sitting_20260714_134921_20hz,sitting,2,sitting,4,sgkf_grouped_20260731_seed42_k4,data/staging/20260731_rebuild01/cleaned_csv/sitting_20260714_134921_20hz.csv,5,0,0,5,0
sitting_20260714_134931_20hz,sitting,2,sitting,2,sgkf_grouped_20260731_seed42_k4,data/staging/20260731_rebuild01/cleaned_csv/sitting_20260714_134931_20hz.csv,5,0,0,5,0
sitting_20260714_134941_20hz,sitting,2,sitting,1,sgkf_grouped_20260731_seed42_k4,data/staging/20260731_rebuild01/cleaned_csv/sitting_20260714_134941_20hz.csv,5,0,0,5,0
sitting_20260714_135007_20hz,sitting,2,sitting,4,sgkf_grouped_20260731_seed42_k4,data/staging/20260731_rebuild01/cleaned_csv/sitting_20260714_135007_20hz.csv,5,0,0,5,0
sitting_20260714_135038_20hz,sitting,2,sitting,3,sgkf_grouped_20260731_seed42_k4,data/staging/20260731_rebuild01/cleaned_csv/sitting_20260714_135038_20hz.csv,4,0,0,4,0
sitting_20260714_135049_20hz,sitting,2,sitting,3,sgkf_grouped_20260731_seed42_k4,data/staging/20260731_rebuild01/cleaned_csv/sitting_20260714_135049_20hz.csv,5,0,0,5,0
sitting_20260714_135059_20hz,sitting,2,sitting,4,sgkf_grouped_20260731_seed42_k4,data/staging/20260731_rebuild01/cleaned_csv/sitting_20260714_135059_20hz.csv,4,0,0,4,0
sitting_20260714_135211_20hz,sitting,2,sitting,3,sgkf_grouped_20260731_seed42_k4,data/staging/20260731_rebuild01/cleaned_csv/sitting_20260714_135211_20hz.csv,5,0,0,5,0
sitting_20260714_135220_20hz,sitting,2,sitting,3,sgkf_grouped_20260731_seed42_k4,data/staging/20260731_rebuild01/cleaned_csv/sitting_20260714_135220_20hz.csv,5,0,0,5,0
sitting_20260714_135230_20hz,sitting,2,sitting,1,sgkf_grouped_20260731_seed42_k4,data/staging/20260731_rebuild01/cleaned_csv/sitting_20260714_135230_20hz.csv,5,0,0,5,0
sitting_20260714_135240_20hz,sitting,2,sitting,2,sgkf_grouped_20260731_seed42_k4,data/staging/20260731_rebuild01/cleaned_csv/sitting_20260714_135240_20hz.csv,5,0,0,5,0
sitting_20260714_135250_20hz,sitting,2,sitting,3,sgkf_grouped_20260731_seed42_k4,data/staging/20260731_rebuild01/cleaned_csv/sitting_20260714_135250_20hz.csv,5,0,0,5,0
sitting_20260714_135331_20hz,sitting,2,sitting,1,sgkf_grouped_20260731_seed42_k4,data/staging/20260731_rebuild01/cleaned_csv/sitting_20260714_135331_20hz.csv,5,0,0,5,0
sitting_20260714_135345_20hz,sitting,2,sitting,4,sgkf_grouped_20260731_seed42_k4,data/staging/20260731_rebuild01/cleaned_csv/sitting_20260714_135345_20hz.csv,5,0,0,5,0
sitting_20260714_135404_20hz,sitting,2,sitting,4,sgkf_grouped_20260731_seed42_k4,data/staging/20260731_rebuild01/cleaned_csv/sitting_20260714_135404_20hz.csv,5,0,0,5,0
sitting_20260714_135414_20hz,sitting,2,sitting,1,sgkf_grouped_20260731_seed42_k4,data/staging/20260731_rebuild01/cleaned_csv/sitting_20260714_135414_20hz.csv,5,0,0,5,0
sitting_20260714_135432_20hz,sitting,2,sitting,4,sgkf_grouped_20260731_seed42_k4,data/staging/20260731_rebuild01/cleaned_csv/sitting_20260714_135432_20hz.csv,5,0,0,5,0
sitting_20260714_135735_20hz,sitting,2,sitting,3,sgkf_grouped_20260731_seed42_k4,data/staging/20260731_rebuild01/cleaned_csv/sitting_20260714_135735_20hz.csv,5,0,0,5,0
sitting_20260714_135748_20hz,sitting,2,sitting,2,sgkf_grouped_20260731_seed42_k4,data/staging/20260731_rebuild01/cleaned_csv/sitting_20260714_135748_20hz.csv,5,0,0,5,0
sitting_20260714_135758_20hz,sitting,2,sitting,4,sgkf_grouped_20260731_seed42_k4,data/staging/20260731_rebuild01/cleaned_csv/sitting_20260714_135758_20hz.csv,5,0,0,5,0
sitting_20260714_135808_20hz,sitting,2,sitting,1,sgkf_grouped_20260731_seed42_k4,data/staging/20260731_rebuild01/cleaned_csv/sitting_20260714_135808_20hz.csv,5,0,0,5,0
sitting_20260714_135817_20hz,sitting,2,sitting,4,sgkf_grouped_20260731_seed42_k4,data/staging/20260731_rebuild01/cleaned_csv/sitting_20260714_135817_20hz.csv,5,0,0,5,0
sitting_20260714_135830_20hz,sitting,2,sitting,2,sgkf_grouped_20260731_seed42_k4,data/staging/20260731_rebuild01/cleaned_csv/sitting_20260714_135830_20hz.csv,5,0,0,5,0
sitting_20260714_135840_20hz,sitting,2,sitting,3,sgkf_grouped_20260731_seed42_k4,data/staging/20260731_rebuild01/cleaned_csv/sitting_20260714_135840_20hz.csv,5,0,0,5,0
sitting_20260714_135849_20hz,sitting,2,sitting,4,sgkf_grouped_20260731_seed42_k4,data/staging/20260731_rebuild01/cleaned_csv/sitting_20260714_135849_20hz.csv,5,0,0,5,0
sitting_20260714_135858_20hz,sitting,2,sitting,1,sgkf_grouped_20260731_seed42_k4,data/staging/20260731_rebuild01/cleaned_csv/sitting_20260714_135858_20hz.csv,5,0,0,5,0
sitting_20260714_135907_20hz,sitting,2,sitting,2,sgkf_grouped_20260731_seed42_k4,data/staging/20260731_rebuild01/cleaned_csv/sitting_20260714_135907_20hz.csv,5,0,0,5,0
sitting_20260714_135926_20hz,sitting,2,sitting,2,sgkf_grouped_20260731_seed42_k4,data/staging/20260731_rebuild01/cleaned_csv/sitting_20260714_135926_20hz.csv,5,0,0,5,0
sitting_20260714_135936_20hz,sitting,2,sitting,2,sgkf_grouped_20260731_seed42_k4,data/staging/20260731_rebuild01/cleaned_csv/sitting_20260714_135936_20hz.csv,5,0,0,5,0
sitting_20260714_135947_20hz,sitting,2,sitting,2,sgkf_grouped_20260731_seed42_k4,data/staging/20260731_rebuild01/cleaned_csv/sitting_20260714_135947_20hz.csv,5,0,0,5,0
sitting_20260714_135959_20hz,sitting,2,sitting,3,sgkf_grouped_20260731_seed42_k4,data/staging/20260731_rebuild01/cleaned_csv/sitting_20260714_135959_20hz.csv,5,0,0,5,0
sitting_20260714_140015_20hz,sitting,2,sitting,1,sgkf_grouped_20260731_seed42_k4,data/staging/20260731_rebuild01/cleaned_csv/sitting_20260714_140015_20hz.csv,5,0,0,5,0
sitting_20260714_140025_20hz,sitting,2,sitting,2,sgkf_grouped_20260731_seed42_k4,data/staging/20260731_rebuild01/cleaned_csv/sitting_20260714_140025_20hz.csv,5,0,0,5,0
sitting_20260714_140037_20hz,sitting,2,sitting,4,sgkf_grouped_20260731_seed42_k4,data/staging/20260731_rebuild01/cleaned_csv/sitting_20260714_140037_20hz.csv,5,0,0,5,0
sitting_20260714_140047_20hz,sitting,2,sitting,1,sgkf_grouped_20260731_seed42_k4,data/staging/20260731_rebuild01/cleaned_csv/sitting_20260714_140047_20hz.csv,5,0,0,5,0
sitting_20260714_140057_20hz,sitting,2,sitting,3,sgkf_grouped_20260731_seed42_k4,data/staging/20260731_rebuild01/cleaned_csv/sitting_20260714_140057_20hz.csv,5,0,0,5,0
sitting_20260714_140107_20hz,sitting,2,sitting,4,sgkf_grouped_20260731_seed42_k4,data/staging/20260731_rebuild01/cleaned_csv/sitting_20260714_140107_20hz.csv,5,0,0,5,0
sitting_20260714_140129_20hz,sitting,2,sitting,1,sgkf_grouped_20260731_seed42_k4,data/staging/20260731_rebuild01/cleaned_csv/sitting_20260714_140129_20hz.csv,5,0,0,5,0
sitting_20260714_140141_20hz,sitting,2,sitting,1,sgkf_grouped_20260731_seed42_k4,data/staging/20260731_rebuild01/cleaned_csv/sitting_20260714_140141_20hz.csv,5,0,0,5,0
sitting_20260714_140150_20hz,sitting,2,sitting,2,sgkf_grouped_20260731_seed42_k4,data/staging/20260731_rebuild01/cleaned_csv/sitting_20260714_140150_20hz.csv,5,0,0,5,0
sitting_20260714_140200_20hz,sitting,2,sitting,3,sgkf_grouped_20260731_seed42_k4,data/staging/20260731_rebuild01/cleaned_csv/sitting_20260714_140200_20hz.csv,5,0,0,5,0
sitting_20260714_140210_20hz,sitting,2,sitting,2,sgkf_grouped_20260731_seed42_k4,data/staging/20260731_rebuild01/cleaned_csv/sitting_20260714_140210_20hz.csv,5,0,0,5,0
sitting_20260714_140220_20hz,sitting,2,sitting,4,sgkf_grouped_20260731_seed42_k4,data/staging/20260731_rebuild01/cleaned_csv/sitting_20260714_140220_20hz.csv,5,0,0,5,0
sitting_20260714_140230_20hz,sitting,2,sitting,3,sgkf_grouped_20260731_seed42_k4,data/staging/20260731_rebuild01/cleaned_csv/sitting_20260714_140230_20hz.csv,5,0,0,5,0
sitting_20260714_140240_20hz,sitting,2,sitting,1,sgkf_grouped_20260731_seed42_k4,data/staging/20260731_rebuild01/cleaned_csv/sitting_20260714_140240_20hz.csv,5,0,0,5,0
sitting_20260714_140250_20hz,sitting,2,sitting,3,sgkf_grouped_20260731_seed42_k4,data/staging/20260731_rebuild01/cleaned_csv/sitting_20260714_140250_20hz.csv,5,0,0,5,0
sitting_20260714_140302_20hz,sitting,2,sitting,3,sgkf_grouped_20260731_seed42_k4,data/staging/20260731_rebuild01/cleaned_csv/sitting_20260714_140302_20hz.csv,5,0,0,5,0
sitting_20260714_140321_20hz,sitting,2,sitting,2,sgkf_grouped_20260731_seed42_k4,data/staging/20260731_rebuild01/cleaned_csv/sitting_20260714_140321_20hz.csv,5,0,0,5,0
sitting_20260714_140330_20hz,sitting,2,sitting,2,sgkf_grouped_20260731_seed42_k4,data/staging/20260731_rebuild01/cleaned_csv/sitting_20260714_140330_20hz.csv,5,0,0,5,0
sitting_20260714_140340_20hz,sitting,2,sitting,3,sgkf_grouped_20260731_seed42_k4,data/staging/20260731_rebuild01/cleaned_csv/sitting_20260714_140340_20hz.csv,5,0,0,5,0
sitting_20260714_140351_20hz,sitting,2,sitting,4,sgkf_grouped_20260731_seed42_k4,data/staging/20260731_rebuild01/cleaned_csv/sitting_20260714_140351_20hz.csv,5,0,0,5,0
sitting_20260714_140401_20hz,sitting,2,sitting,1,sgkf_grouped_20260731_seed42_k4,data/staging/20260731_rebuild01/cleaned_csv/sitting_20260714_140401_20hz.csv,5,0,0,5,0
sitting_20260716_133939_20hz,sitting,2,sitting,2,sgkf_grouped_20260731_seed42_k4,data/staging/20260731_rebuild01/cleaned_csv/sitting_20260716_133939_20hz.csv,5,0,0,5,0
sitting_20260716_133959_20hz,sitting,2,sitting,1,sgkf_grouped_20260731_seed42_k4,data/staging/20260731_rebuild01/cleaned_csv/sitting_20260716_133959_20hz.csv,5,0,0,5,0
sitting_20260716_134047_20hz,sitting,2,sitting,1,sgkf_grouped_20260731_seed42_k4,data/staging/20260731_rebuild01/cleaned_csv/sitting_20260716_134047_20hz.csv,5,0,0,5,0
sitting_20260716_134100_20hz,sitting,2,sitting,4,sgkf_grouped_20260731_seed42_k4,data/staging/20260731_rebuild01/cleaned_csv/sitting_20260716_134100_20hz.csv,5,0,0,5,0
sitting_20260716_134112_20hz,sitting,2,sitting,4,sgkf_grouped_20260731_seed42_k4,data/staging/20260731_rebuild01/cleaned_csv/sitting_20260716_134112_20hz.csv,5,0,0,5,0
sitting_20260716_134126_20hz,sitting,2,sitting,1,sgkf_grouped_20260731_seed42_k4,data/staging/20260731_rebuild01/cleaned_csv/sitting_20260716_134126_20hz.csv,5,0,0,5,0
sitting_20260716_134226_20hz,sitting,2,sitting,2,sgkf_grouped_20260731_seed42_k4,data/staging/20260731_rebuild01/cleaned_csv/sitting_20260716_134226_20hz.csv,5,0,0,5,0
sitting_20260716_134251_20hz,sitting,2,sitting,1,sgkf_grouped_20260731_seed42_k4,data/staging/20260731_rebuild01/cleaned_csv/sitting_20260716_134251_20hz.csv,5,0,0,5,0
sitting_20260716_134304_20hz,sitting,2,sitting,3,sgkf_grouped_20260731_seed42_k4,data/staging/20260731_rebuild01/cleaned_csv/sitting_20260716_134304_20hz.csv,5,0,0,5,0
sitting_20260716_134319_20hz,sitting,2,sitting,2,sgkf_grouped_20260731_seed42_k4,data/staging/20260731_rebuild01/cleaned_csv/sitting_20260716_134319_20hz.csv,5,0,0,5,0
sitting_20260716_134718_20hz,sitting,2,sitting,4,sgkf_grouped_20260731_seed42_k4,data/staging/20260731_rebuild01/cleaned_csv/sitting_20260716_134718_20hz.csv,5,0,0,5,0
sitting_20260716_134731_20hz,sitting,2,sitting,3,sgkf_grouped_20260731_seed42_k4,data/staging/20260731_rebuild01/cleaned_csv/sitting_20260716_134731_20hz.csv,5,0,0,5,0
sitting_20260716_134755_20hz,sitting,2,sitting,3,sgkf_grouped_20260731_seed42_k4,data/staging/20260731_rebuild01/cleaned_csv/sitting_20260716_134755_20hz.csv,5,0,0,5,0
sitting_20260716_135327_20hz,sitting,2,sitting,3,sgkf_grouped_20260731_seed42_k4,data/staging/20260731_rebuild01/cleaned_csv/sitting_20260716_135327_20hz.csv,5,0,0,5,0
sitting_20260716_135343_20hz,sitting,2,sitting,1,sgkf_grouped_20260731_seed42_k4,data/staging/20260731_rebuild01/cleaned_csv/sitting_20260716_135343_20hz.csv,5,0,0,5,0
sitting_20260716_135400_20hz,sitting,2,sitting,2,sgkf_grouped_20260731_seed42_k4,data/staging/20260731_rebuild01/cleaned_csv/sitting_20260716_135400_20hz.csv,5,0,0,5,0
sitting_20260716_135429_20hz,sitting,2,sitting,4,sgkf_grouped_20260731_seed42_k4,data/staging/20260731_rebuild01/cleaned_csv/sitting_20260716_135429_20hz.csv,5,0,0,5,0
sitting_20260716_135442_20hz,sitting,2,sitting,4,sgkf_grouped_20260731_seed42_k4,data/staging/20260731_rebuild01/cleaned_csv/sitting_20260716_135442_20hz.csv,5,0,0,5,0
sitting_20260716_135459_20hz,sitting,2,sitting,3,sgkf_grouped_20260731_seed42_k4,data/staging/20260731_rebuild01/cleaned_csv/sitting_20260716_135459_20hz.csv,5,0,0,5,0
sitting_20260716_135514_20hz,sitting,2,sitting,2,sgkf_grouped_20260731_seed42_k4,data/staging/20260731_rebuild01/cleaned_csv/sitting_20260716_135514_20hz.csv,5,0,0,5,0
sitting_20260716_135527_20hz,sitting,2,sitting,1,sgkf_grouped_20260731_seed42_k4,data/staging/20260731_rebuild01/cleaned_csv/sitting_20260716_135527_20hz.csv,5,0,0,5,0
sitting_20260716_135540_20hz,sitting,2,sitting,2,sgkf_grouped_20260731_seed42_k4,data/staging/20260731_rebuild01/cleaned_csv/sitting_20260716_135540_20hz.csv,5,0,0,5,0
sitting_20260716_135600_20hz,sitting,2,sitting,1,sgkf_grouped_20260731_seed42_k4,data/staging/20260731_rebuild01/cleaned_csv/sitting_20260716_135600_20hz.csv,5,0,0,5,0
sitting_20260716_135616_20hz,sitting,2,sitting,2,sgkf_grouped_20260731_seed42_k4,data/staging/20260731_rebuild01/cleaned_csv/sitting_20260716_135616_20hz.csv,5,0,0,5,0
sitting_20260716_135641_20hz,sitting,2,sitting,3,sgkf_grouped_20260731_seed42_k4,data/staging/20260731_rebuild01/cleaned_csv/sitting_20260716_135641_20hz.csv,4,0,0,4,0
sitting_20260716_135811_20hz,sitting,2,sitting,4,sgkf_grouped_20260731_seed42_k4,data/staging/20260731_rebuild01/cleaned_csv/sitting_20260716_135811_20hz.csv,5,0,0,5,0
sitting_20260716_135823_20hz,sitting,2,sitting,4,sgkf_grouped_20260731_seed42_k4,data/staging/20260731_rebuild01/cleaned_csv/sitting_20260716_135823_20hz.csv,5,0,0,5,0
sitting_20260716_135835_20hz,sitting,2,sitting,2,sgkf_grouped_20260731_seed42_k4,data/staging/20260731_rebuild01/cleaned_csv/sitting_20260716_135835_20hz.csv,5,0,0,5,0
sitting_20260716_135848_20hz,sitting,2,sitting,1,sgkf_grouped_20260731_seed42_k4,data/staging/20260731_rebuild01/cleaned_csv/sitting_20260716_135848_20hz.csv,5,0,0,5,0
sitting_20260716_140239_20hz,sitting,2,sitting,1,sgkf_grouped_20260731_seed42_k4,data/staging/20260731_rebuild01/cleaned_csv/sitting_20260716_140239_20hz.csv,5,0,0,5,0
sitting_20260716_140258_20hz,sitting,2,sitting,3,sgkf_grouped_20260731_seed42_k4,data/staging/20260731_rebuild01/cleaned_csv/sitting_20260716_140258_20hz.csv,5,0,0,5,0
sitting_20260716_140312_20hz,sitting,2,sitting,4,sgkf_grouped_20260731_seed42_k4,data/staging/20260731_rebuild01/cleaned_csv/sitting_20260716_140312_20hz.csv,5,0,0,5,0
sitting_20260716_140326_20hz,sitting,2,sitting,1,sgkf_grouped_20260731_seed42_k4,data/staging/20260731_rebuild01/cleaned_csv/sitting_20260716_140326_20hz.csv,5,0,0,5,0
sitting_20260716_140345_20hz,sitting,2,sitting,4,sgkf_grouped_20260731_seed42_k4,data/staging/20260731_rebuild01/cleaned_csv/sitting_20260716_140345_20hz.csv,5,0,0,5,0
sitting_20260716_140410_20hz,sitting,2,sitting,2,sgkf_grouped_20260731_seed42_k4,data/staging/20260731_rebuild01/cleaned_csv/sitting_20260716_140410_20hz.csv,5,0,0,5,0
standing_20260714_140445_20hz,standing,1,standing,3,sgkf_grouped_20260731_seed42_k4,data/staging/20260731_rebuild01/cleaned_csv/standing_20260714_140445_20hz.csv,5,0,5,0,0
standing_20260714_140527_20hz,standing,1,standing,1,sgkf_grouped_20260731_seed42_k4,data/staging/20260731_rebuild01/cleaned_csv/standing_20260714_140527_20hz.csv,5,0,5,0,0
standing_20260714_140537_20hz,standing,1,standing,2,sgkf_grouped_20260731_seed42_k4,data/staging/20260731_rebuild01/cleaned_csv/standing_20260714_140537_20hz.csv,5,0,5,0,0
standing_20260714_140547_20hz,standing,1,standing,2,sgkf_grouped_20260731_seed42_k4,data/staging/20260731_rebuild01/cleaned_csv/standing_20260714_140547_20hz.csv,5,0,5,0,0
standing_20260714_140556_20hz,standing,1,standing,3,sgkf_grouped_20260731_seed42_k4,data/staging/20260731_rebuild01/cleaned_csv/standing_20260714_140556_20hz.csv,5,0,5,0,0
standing_20260714_140605_20hz,standing,1,standing,4,sgkf_grouped_20260731_seed42_k4,data/staging/20260731_rebuild01/cleaned_csv/standing_20260714_140605_20hz.csv,5,0,5,0,0
standing_20260714_140614_20hz,standing,1,standing,1,sgkf_grouped_20260731_seed42_k4,data/staging/20260731_rebuild01/cleaned_csv/standing_20260714_140614_20hz.csv,5,0,5,0,0
standing_20260714_140624_20hz,standing,1,standing,3,sgkf_grouped_20260731_seed42_k4,data/staging/20260731_rebuild01/cleaned_csv/standing_20260714_140624_20hz.csv,5,0,5,0,0
standing_20260714_140637_20hz,standing,1,standing,4,sgkf_grouped_20260731_seed42_k4,data/staging/20260731_rebuild01/cleaned_csv/standing_20260714_140637_20hz.csv,5,0,5,0,0
standing_20260714_140646_20hz,standing,1,standing,2,sgkf_grouped_20260731_seed42_k4,data/staging/20260731_rebuild01/cleaned_csv/standing_20260714_140646_20hz.csv,5,0,5,0,0
standing_20260714_140727_20hz,standing,1,standing,3,sgkf_grouped_20260731_seed42_k4,data/staging/20260731_rebuild01/cleaned_csv/standing_20260714_140727_20hz.csv,5,0,5,0,0
standing_20260714_140736_20hz,standing,1,standing,4,sgkf_grouped_20260731_seed42_k4,data/staging/20260731_rebuild01/cleaned_csv/standing_20260714_140736_20hz.csv,5,0,5,0,0
standing_20260714_140745_20hz,standing,1,standing,1,sgkf_grouped_20260731_seed42_k4,data/staging/20260731_rebuild01/cleaned_csv/standing_20260714_140745_20hz.csv,5,0,5,0,0
standing_20260714_140754_20hz,standing,1,standing,2,sgkf_grouped_20260731_seed42_k4,data/staging/20260731_rebuild01/cleaned_csv/standing_20260714_140754_20hz.csv,5,0,5,0,0
standing_20260714_140805_20hz,standing,1,standing,1,sgkf_grouped_20260731_seed42_k4,data/staging/20260731_rebuild01/cleaned_csv/standing_20260714_140805_20hz.csv,5,0,5,0,0
standing_20260714_140814_20hz,standing,1,standing,3,sgkf_grouped_20260731_seed42_k4,data/staging/20260731_rebuild01/cleaned_csv/standing_20260714_140814_20hz.csv,5,0,5,0,0
standing_20260714_140823_20hz,standing,1,standing,3,sgkf_grouped_20260731_seed42_k4,data/staging/20260731_rebuild01/cleaned_csv/standing_20260714_140823_20hz.csv,5,0,5,0,0
standing_20260714_140832_20hz,standing,1,standing,4,sgkf_grouped_20260731_seed42_k4,data/staging/20260731_rebuild01/cleaned_csv/standing_20260714_140832_20hz.csv,5,0,5,0,0
standing_20260714_140841_20hz,standing,1,standing,1,sgkf_grouped_20260731_seed42_k4,data/staging/20260731_rebuild01/cleaned_csv/standing_20260714_140841_20hz.csv,5,0,5,0,0
standing_20260714_140853_20hz,standing,1,standing,4,sgkf_grouped_20260731_seed42_k4,data/staging/20260731_rebuild01/cleaned_csv/standing_20260714_140853_20hz.csv,5,0,5,0,0
standing_20260714_140910_20hz,standing,1,standing,2,sgkf_grouped_20260731_seed42_k4,data/staging/20260731_rebuild01/cleaned_csv/standing_20260714_140910_20hz.csv,5,0,5,0,0
standing_20260714_140922_20hz,standing,1,standing,4,sgkf_grouped_20260731_seed42_k4,data/staging/20260731_rebuild01/cleaned_csv/standing_20260714_140922_20hz.csv,5,0,5,0,0
standing_20260714_140936_20hz,standing,1,standing,1,sgkf_grouped_20260731_seed42_k4,data/staging/20260731_rebuild01/cleaned_csv/standing_20260714_140936_20hz.csv,5,0,5,0,0
standing_20260714_140947_20hz,standing,1,standing,2,sgkf_grouped_20260731_seed42_k4,data/staging/20260731_rebuild01/cleaned_csv/standing_20260714_140947_20hz.csv,5,0,5,0,0
standing_20260714_140957_20hz,standing,1,standing,3,sgkf_grouped_20260731_seed42_k4,data/staging/20260731_rebuild01/cleaned_csv/standing_20260714_140957_20hz.csv,5,0,5,0,0
standing_20260714_141006_20hz,standing,1,standing,3,sgkf_grouped_20260731_seed42_k4,data/staging/20260731_rebuild01/cleaned_csv/standing_20260714_141006_20hz.csv,5,0,5,0,0
standing_20260714_141016_20hz,standing,1,standing,1,sgkf_grouped_20260731_seed42_k4,data/staging/20260731_rebuild01/cleaned_csv/standing_20260714_141016_20hz.csv,4,0,4,0,0
standing_20260714_141025_20hz,standing,1,standing,2,sgkf_grouped_20260731_seed42_k4,data/staging/20260731_rebuild01/cleaned_csv/standing_20260714_141025_20hz.csv,5,0,5,0,0
standing_20260714_141034_20hz,standing,1,standing,2,sgkf_grouped_20260731_seed42_k4,data/staging/20260731_rebuild01/cleaned_csv/standing_20260714_141034_20hz.csv,5,0,5,0,0
standing_20260714_141044_20hz,standing,1,standing,4,sgkf_grouped_20260731_seed42_k4,data/staging/20260731_rebuild01/cleaned_csv/standing_20260714_141044_20hz.csv,5,0,5,0,0
standing_20260714_141054_20hz,standing,1,standing,2,sgkf_grouped_20260731_seed42_k4,data/staging/20260731_rebuild01/cleaned_csv/standing_20260714_141054_20hz.csv,5,0,5,0,0
standing_20260714_141104_20hz,standing,1,standing,1,sgkf_grouped_20260731_seed42_k4,data/staging/20260731_rebuild01/cleaned_csv/standing_20260714_141104_20hz.csv,5,0,5,0,0
standing_20260714_141117_20hz,standing,1,standing,1,sgkf_grouped_20260731_seed42_k4,data/staging/20260731_rebuild01/cleaned_csv/standing_20260714_141117_20hz.csv,5,0,5,0,0
standing_20260714_141128_20hz,standing,1,standing,3,sgkf_grouped_20260731_seed42_k4,data/staging/20260731_rebuild01/cleaned_csv/standing_20260714_141128_20hz.csv,5,0,5,0,0
standing_20260714_141137_20hz,standing,1,standing,4,sgkf_grouped_20260731_seed42_k4,data/staging/20260731_rebuild01/cleaned_csv/standing_20260714_141137_20hz.csv,5,0,5,0,0
standing_20260714_141215_20hz,standing,1,standing,3,sgkf_grouped_20260731_seed42_k4,data/staging/20260731_rebuild01/cleaned_csv/standing_20260714_141215_20hz.csv,5,0,5,0,0
standing_20260714_141225_20hz,standing,1,standing,3,sgkf_grouped_20260731_seed42_k4,data/staging/20260731_rebuild01/cleaned_csv/standing_20260714_141225_20hz.csv,5,0,5,0,0
standing_20260714_141234_20hz,standing,1,standing,1,sgkf_grouped_20260731_seed42_k4,data/staging/20260731_rebuild01/cleaned_csv/standing_20260714_141234_20hz.csv,5,0,5,0,0
standing_20260714_141245_20hz,standing,1,standing,2,sgkf_grouped_20260731_seed42_k4,data/staging/20260731_rebuild01/cleaned_csv/standing_20260714_141245_20hz.csv,5,0,5,0,0
standing_20260714_141301_20hz,standing,1,standing,4,sgkf_grouped_20260731_seed42_k4,data/staging/20260731_rebuild01/cleaned_csv/standing_20260714_141301_20hz.csv,5,0,5,0,0
standing_20260714_141311_20hz,standing,1,standing,2,sgkf_grouped_20260731_seed42_k4,data/staging/20260731_rebuild01/cleaned_csv/standing_20260714_141311_20hz.csv,5,0,5,0,0
standing_20260714_141321_20hz,standing,1,standing,4,sgkf_grouped_20260731_seed42_k4,data/staging/20260731_rebuild01/cleaned_csv/standing_20260714_141321_20hz.csv,5,0,5,0,0
standing_20260714_141331_20hz,standing,1,standing,1,sgkf_grouped_20260731_seed42_k4,data/staging/20260731_rebuild01/cleaned_csv/standing_20260714_141331_20hz.csv,5,0,5,0,0
standing_20260714_141341_20hz,standing,1,standing,1,sgkf_grouped_20260731_seed42_k4,data/staging/20260731_rebuild01/cleaned_csv/standing_20260714_141341_20hz.csv,5,0,5,0,0
standing_20260714_141352_20hz,standing,1,standing,2,sgkf_grouped_20260731_seed42_k4,data/staging/20260731_rebuild01/cleaned_csv/standing_20260714_141352_20hz.csv,5,0,5,0,0
standing_20260714_141412_20hz,standing,1,standing,3,sgkf_grouped_20260731_seed42_k4,data/staging/20260731_rebuild01/cleaned_csv/standing_20260714_141412_20hz.csv,5,0,5,0,0
standing_20260714_141427_20hz,standing,1,standing,1,sgkf_grouped_20260731_seed42_k4,data/staging/20260731_rebuild01/cleaned_csv/standing_20260714_141427_20hz.csv,5,0,5,0,0
standing_20260714_141437_20hz,standing,1,standing,2,sgkf_grouped_20260731_seed42_k4,data/staging/20260731_rebuild01/cleaned_csv/standing_20260714_141437_20hz.csv,5,0,5,0,0
standing_20260714_141447_20hz,standing,1,standing,3,sgkf_grouped_20260731_seed42_k4,data/staging/20260731_rebuild01/cleaned_csv/standing_20260714_141447_20hz.csv,5,0,5,0,0
standing_20260714_141457_20hz,standing,1,standing,2,sgkf_grouped_20260731_seed42_k4,data/staging/20260731_rebuild01/cleaned_csv/standing_20260714_141457_20hz.csv,5,0,5,0,0
standing_20260714_141507_20hz,standing,1,standing,3,sgkf_grouped_20260731_seed42_k4,data/staging/20260731_rebuild01/cleaned_csv/standing_20260714_141507_20hz.csv,5,0,5,0,0
standing_20260714_141517_20hz,standing,1,standing,4,sgkf_grouped_20260731_seed42_k4,data/staging/20260731_rebuild01/cleaned_csv/standing_20260714_141517_20hz.csv,5,0,5,0,0
standing_20260714_141528_20hz,standing,1,standing,1,sgkf_grouped_20260731_seed42_k4,data/staging/20260731_rebuild01/cleaned_csv/standing_20260714_141528_20hz.csv,5,0,5,0,0
standing_20260714_141541_20hz,standing,1,standing,3,sgkf_grouped_20260731_seed42_k4,data/staging/20260731_rebuild01/cleaned_csv/standing_20260714_141541_20hz.csv,5,0,5,0,0
standing_20260714_141552_20hz,standing,1,standing,4,sgkf_grouped_20260731_seed42_k4,data/staging/20260731_rebuild01/cleaned_csv/standing_20260714_141552_20hz.csv,5,0,5,0,0
standing_20260714_141607_20hz,standing,1,standing,1,sgkf_grouped_20260731_seed42_k4,data/staging/20260731_rebuild01/cleaned_csv/standing_20260714_141607_20hz.csv,5,0,5,0,0
standing_20260714_141617_20hz,standing,1,standing,1,sgkf_grouped_20260731_seed42_k4,data/staging/20260731_rebuild01/cleaned_csv/standing_20260714_141617_20hz.csv,5,0,5,0,0
standing_20260714_141629_20hz,standing,1,standing,2,sgkf_grouped_20260731_seed42_k4,data/staging/20260731_rebuild01/cleaned_csv/standing_20260714_141629_20hz.csv,5,0,5,0,0
standing_20260714_141641_20hz,standing,1,standing,3,sgkf_grouped_20260731_seed42_k4,data/staging/20260731_rebuild01/cleaned_csv/standing_20260714_141641_20hz.csv,5,0,5,0,0
standing_20260714_141652_20hz,standing,1,standing,4,sgkf_grouped_20260731_seed42_k4,data/staging/20260731_rebuild01/cleaned_csv/standing_20260714_141652_20hz.csv,5,0,5,0,0
standing_20260714_141703_20hz,standing,1,standing,1,sgkf_grouped_20260731_seed42_k4,data/staging/20260731_rebuild01/cleaned_csv/standing_20260714_141703_20hz.csv,5,0,5,0,0
standing_20260714_141714_20hz,standing,1,standing,1,sgkf_grouped_20260731_seed42_k4,data/staging/20260731_rebuild01/cleaned_csv/standing_20260714_141714_20hz.csv,5,0,5,0,0
standing_20260714_141723_20hz,standing,1,standing,3,sgkf_grouped_20260731_seed42_k4,data/staging/20260731_rebuild01/cleaned_csv/standing_20260714_141723_20hz.csv,5,0,5,0,0
standing_20260714_141733_20hz,standing,1,standing,4,sgkf_grouped_20260731_seed42_k4,data/staging/20260731_rebuild01/cleaned_csv/standing_20260714_141733_20hz.csv,5,0,5,0,0
standing_20260714_141742_20hz,standing,1,standing,2,sgkf_grouped_20260731_seed42_k4,data/staging/20260731_rebuild01/cleaned_csv/standing_20260714_141742_20hz.csv,5,0,5,0,0
standing_20260714_141759_20hz,standing,1,standing,2,sgkf_grouped_20260731_seed42_k4,data/staging/20260731_rebuild01/cleaned_csv/standing_20260714_141759_20hz.csv,5,0,5,0,0
standing_20260714_141809_20hz,standing,1,standing,1,sgkf_grouped_20260731_seed42_k4,data/staging/20260731_rebuild01/cleaned_csv/standing_20260714_141809_20hz.csv,5,0,5,0,0
standing_20260714_141819_20hz,standing,1,standing,3,sgkf_grouped_20260731_seed42_k4,data/staging/20260731_rebuild01/cleaned_csv/standing_20260714_141819_20hz.csv,3,0,3,0,0
standing_20260714_141830_20hz,standing,1,standing,4,sgkf_grouped_20260731_seed42_k4,data/staging/20260731_rebuild01/cleaned_csv/standing_20260714_141830_20hz.csv,5,0,5,0,0
standing_20260714_141840_20hz,standing,1,standing,1,sgkf_grouped_20260731_seed42_k4,data/staging/20260731_rebuild01/cleaned_csv/standing_20260714_141840_20hz.csv,5,0,5,0,0
standing_20260714_141935_20hz,standing,1,standing,3,sgkf_grouped_20260731_seed42_k4,data/staging/20260731_rebuild01/cleaned_csv/standing_20260714_141935_20hz.csv,5,0,5,0,0
standing_20260714_141944_20hz,standing,1,standing,4,sgkf_grouped_20260731_seed42_k4,data/staging/20260731_rebuild01/cleaned_csv/standing_20260714_141944_20hz.csv,5,0,5,0,0
standing_20260714_141954_20hz,standing,1,standing,2,sgkf_grouped_20260731_seed42_k4,data/staging/20260731_rebuild01/cleaned_csv/standing_20260714_141954_20hz.csv,5,0,5,0,0
standing_20260714_142003_20hz,standing,1,standing,1,sgkf_grouped_20260731_seed42_k4,data/staging/20260731_rebuild01/cleaned_csv/standing_20260714_142003_20hz.csv,5,0,5,0,0
standing_20260714_142012_20hz,standing,1,standing,3,sgkf_grouped_20260731_seed42_k4,data/staging/20260731_rebuild01/cleaned_csv/standing_20260714_142012_20hz.csv,5,0,5,0,0
standing_20260714_142022_20hz,standing,1,standing,2,sgkf_grouped_20260731_seed42_k4,data/staging/20260731_rebuild01/cleaned_csv/standing_20260714_142022_20hz.csv,5,0,5,0,0
standing_20260714_142031_20hz,standing,1,standing,4,sgkf_grouped_20260731_seed42_k4,data/staging/20260731_rebuild01/cleaned_csv/standing_20260714_142031_20hz.csv,5,0,5,0,0
standing_20260714_142041_20hz,standing,1,standing,4,sgkf_grouped_20260731_seed42_k4,data/staging/20260731_rebuild01/cleaned_csv/standing_20260714_142041_20hz.csv,5,0,5,0,0
standing_20260714_142053_20hz,standing,1,standing,1,sgkf_grouped_20260731_seed42_k4,data/staging/20260731_rebuild01/cleaned_csv/standing_20260714_142053_20hz.csv,5,0,5,0,0
standing_20260714_142104_20hz,standing,1,standing,2,sgkf_grouped_20260731_seed42_k4,data/staging/20260731_rebuild01/cleaned_csv/standing_20260714_142104_20hz.csv,5,0,5,0,0
standing_20260714_142117_20hz,standing,1,standing,3,sgkf_grouped_20260731_seed42_k4,data/staging/20260731_rebuild01/cleaned_csv/standing_20260714_142117_20hz.csv,5,0,5,0,0
standing_20260714_142132_20hz,standing,1,standing,4,sgkf_grouped_20260731_seed42_k4,data/staging/20260731_rebuild01/cleaned_csv/standing_20260714_142132_20hz.csv,5,0,5,0,0
standing_20260714_142142_20hz,standing,1,standing,2,sgkf_grouped_20260731_seed42_k4,data/staging/20260731_rebuild01/cleaned_csv/standing_20260714_142142_20hz.csv,5,0,5,0,0
standing_20260714_142153_20hz,standing,1,standing,1,sgkf_grouped_20260731_seed42_k4,data/staging/20260731_rebuild01/cleaned_csv/standing_20260714_142153_20hz.csv,5,0,5,0,0
standing_20260714_142204_20hz,standing,1,standing,4,sgkf_grouped_20260731_seed42_k4,data/staging/20260731_rebuild01/cleaned_csv/standing_20260714_142204_20hz.csv,5,0,5,0,0
standing_20260714_142214_20hz,standing,1,standing,3,sgkf_grouped_20260731_seed42_k4,data/staging/20260731_rebuild01/cleaned_csv/standing_20260714_142214_20hz.csv,5,0,5,0,0
standing_20260714_142226_20hz,standing,1,standing,3,sgkf_grouped_20260731_seed42_k4,data/staging/20260731_rebuild01/cleaned_csv/standing_20260714_142226_20hz.csv,5,0,5,0,0
standing_20260714_142236_20hz,standing,1,standing,1,sgkf_grouped_20260731_seed42_k4,data/staging/20260731_rebuild01/cleaned_csv/standing_20260714_142236_20hz.csv,5,0,5,0,0
standing_20260714_142247_20hz,standing,1,standing,2,sgkf_grouped_20260731_seed42_k4,data/staging/20260731_rebuild01/cleaned_csv/standing_20260714_142247_20hz.csv,5,0,5,0,0
standing_20260714_142258_20hz,standing,1,standing,4,sgkf_grouped_20260731_seed42_k4,data/staging/20260731_rebuild01/cleaned_csv/standing_20260714_142258_20hz.csv,5,0,5,0,0
standing_20260714_142312_20hz,standing,1,standing,3,sgkf_grouped_20260731_seed42_k4,data/staging/20260731_rebuild01/cleaned_csv/standing_20260714_142312_20hz.csv,5,0,5,0,0
standing_20260714_142322_20hz,standing,1,standing,1,sgkf_grouped_20260731_seed42_k4,data/staging/20260731_rebuild01/cleaned_csv/standing_20260714_142322_20hz.csv,5,0,5,0,0
standing_20260714_142342_20hz,standing,1,standing,2,sgkf_grouped_20260731_seed42_k4,data/staging/20260731_rebuild01/cleaned_csv/standing_20260714_142342_20hz.csv,5,0,5,0,0
standing_20260714_142351_20hz,standing,1,standing,4,sgkf_grouped_20260731_seed42_k4,data/staging/20260731_rebuild01/cleaned_csv/standing_20260714_142351_20hz.csv,5,0,5,0,0
standing_20260714_142400_20hz,standing,1,standing,1,sgkf_grouped_20260731_seed42_k4,data/staging/20260731_rebuild01/cleaned_csv/standing_20260714_142400_20hz.csv,5,0,5,0,0
standing_20260714_142408_20hz,standing,1,standing,2,sgkf_grouped_20260731_seed42_k4,data/staging/20260731_rebuild01/cleaned_csv/standing_20260714_142408_20hz.csv,5,0,5,0,0
standing_20260714_142417_20hz,standing,1,standing,3,sgkf_grouped_20260731_seed42_k4,data/staging/20260731_rebuild01/cleaned_csv/standing_20260714_142417_20hz.csv,5,0,5,0,0
standing_20260714_142458_20hz,standing,1,standing,4,sgkf_grouped_20260731_seed42_k4,data/staging/20260731_rebuild01/cleaned_csv/standing_20260714_142458_20hz.csv,5,0,5,0,0
standing_20260714_142507_20hz,standing,1,standing,1,sgkf_grouped_20260731_seed42_k4,data/staging/20260731_rebuild01/cleaned_csv/standing_20260714_142507_20hz.csv,5,0,5,0,0
standing_20260714_142517_20hz,standing,1,standing,2,sgkf_grouped_20260731_seed42_k4,data/staging/20260731_rebuild01/cleaned_csv/standing_20260714_142517_20hz.csv,5,0,5,0,0
standing_20260714_142547_20hz,standing,1,standing,3,sgkf_grouped_20260731_seed42_k4,data/staging/20260731_rebuild01/cleaned_csv/standing_20260714_142547_20hz.csv,5,0,5,0,0
standing_20260714_142556_20hz,standing,1,standing,4,sgkf_grouped_20260731_seed42_k4,data/staging/20260731_rebuild01/cleaned_csv/standing_20260714_142556_20hz.csv,5,0,5,0,0
standing_20260714_142605_20hz,standing,1,standing,3,sgkf_grouped_20260731_seed42_k4,data/staging/20260731_rebuild01/cleaned_csv/standing_20260714_142605_20hz.csv,5,0,5,0,0
standing_20260714_142627_20hz,standing,1,standing,2,sgkf_grouped_20260731_seed42_k4,data/staging/20260731_rebuild01/cleaned_csv/standing_20260714_142627_20hz.csv,5,0,5,0,0
standing_20260714_142636_20hz,standing,1,standing,3,sgkf_grouped_20260731_seed42_k4,data/staging/20260731_rebuild01/cleaned_csv/standing_20260714_142636_20hz.csv,5,0,5,0,0
standing_20260716_132310_20hz,standing,1,standing,2,sgkf_grouped_20260731_seed42_k4,data/staging/20260731_rebuild01/cleaned_csv/standing_20260716_132310_20hz.csv,5,0,5,0,0
standing_20260716_132349_20hz,standing,1,standing,1,sgkf_grouped_20260731_seed42_k4,data/staging/20260731_rebuild01/cleaned_csv/standing_20260716_132349_20hz.csv,5,0,5,0,0
standing_20260716_132406_20hz,standing,1,standing,4,sgkf_grouped_20260731_seed42_k4,data/staging/20260731_rebuild01/cleaned_csv/standing_20260716_132406_20hz.csv,5,0,5,0,0
standing_20260716_132459_20hz,standing,1,standing,1,sgkf_grouped_20260731_seed42_k4,data/staging/20260731_rebuild01/cleaned_csv/standing_20260716_132459_20hz.csv,5,0,5,0,0
standing_20260716_132517_20hz,standing,1,standing,2,sgkf_grouped_20260731_seed42_k4,data/staging/20260731_rebuild01/cleaned_csv/standing_20260716_132517_20hz.csv,5,0,5,0,0
standing_20260716_132530_20hz,standing,1,standing,4,sgkf_grouped_20260731_seed42_k4,data/staging/20260731_rebuild01/cleaned_csv/standing_20260716_132530_20hz.csv,5,0,5,0,0
standing_20260716_132548_20hz,standing,1,standing,1,sgkf_grouped_20260731_seed42_k4,data/staging/20260731_rebuild01/cleaned_csv/standing_20260716_132548_20hz.csv,5,0,5,0,0
standing_20260716_132605_20hz,standing,1,standing,1,sgkf_grouped_20260731_seed42_k4,data/staging/20260731_rebuild01/cleaned_csv/standing_20260716_132605_20hz.csv,5,0,5,0,0
standing_20260716_132622_20hz,standing,1,standing,2,sgkf_grouped_20260731_seed42_k4,data/staging/20260731_rebuild01/cleaned_csv/standing_20260716_132622_20hz.csv,5,0,5,0,0
standing_20260716_132638_20hz,standing,1,standing,4,sgkf_grouped_20260731_seed42_k4,data/staging/20260731_rebuild01/cleaned_csv/standing_20260716_132638_20hz.csv,5,0,5,0,0
standing_20260716_132658_20hz,standing,1,standing,3,sgkf_grouped_20260731_seed42_k4,data/staging/20260731_rebuild01/cleaned_csv/standing_20260716_132658_20hz.csv,5,0,5,0,0
standing_20260716_132713_20hz,standing,1,standing,4,sgkf_grouped_20260731_seed42_k4,data/staging/20260731_rebuild01/cleaned_csv/standing_20260716_132713_20hz.csv,5,0,5,0,0
standing_20260716_132728_20hz,standing,1,standing,3,sgkf_grouped_20260731_seed42_k4,data/staging/20260731_rebuild01/cleaned_csv/standing_20260716_132728_20hz.csv,5,0,5,0,0
standing_20260716_132752_20hz,standing,1,standing,1,sgkf_grouped_20260731_seed42_k4,data/staging/20260731_rebuild01/cleaned_csv/standing_20260716_132752_20hz.csv,5,0,5,0,0
standing_20260716_132808_20hz,standing,1,standing,2,sgkf_grouped_20260731_seed42_k4,data/staging/20260731_rebuild01/cleaned_csv/standing_20260716_132808_20hz.csv,5,0,5,0,0
standing_20260716_132822_20hz,standing,1,standing,4,sgkf_grouped_20260731_seed42_k4,data/staging/20260731_rebuild01/cleaned_csv/standing_20260716_132822_20hz.csv,5,0,5,0,0
standing_20260716_132839_20hz,standing,1,standing,1,sgkf_grouped_20260731_seed42_k4,data/staging/20260731_rebuild01/cleaned_csv/standing_20260716_132839_20hz.csv,5,0,5,0,0
standing_20260716_132855_20hz,standing,1,standing,3,sgkf_grouped_20260731_seed42_k4,data/staging/20260731_rebuild01/cleaned_csv/standing_20260716_132855_20hz.csv,5,0,5,0,0
standing_20260716_132939_20hz,standing,1,standing,2,sgkf_grouped_20260731_seed42_k4,data/staging/20260731_rebuild01/cleaned_csv/standing_20260716_132939_20hz.csv,4,0,4,0,0
standing_20260716_132954_20hz,standing,1,standing,4,sgkf_grouped_20260731_seed42_k4,data/staging/20260731_rebuild01/cleaned_csv/standing_20260716_132954_20hz.csv,5,0,5,0,0
standing_20260716_133007_20hz,standing,1,standing,4,sgkf_grouped_20260731_seed42_k4,data/staging/20260731_rebuild01/cleaned_csv/standing_20260716_133007_20hz.csv,5,0,5,0,0
standing_20260716_133024_20hz,standing,1,standing,3,sgkf_grouped_20260731_seed42_k4,data/staging/20260731_rebuild01/cleaned_csv/standing_20260716_133024_20hz.csv,5,0,5,0,0
standing_20260716_133038_20hz,standing,1,standing,3,sgkf_grouped_20260731_seed42_k4,data/staging/20260731_rebuild01/cleaned_csv/standing_20260716_133038_20hz.csv,5,0,5,0,0
standing_20260716_133059_20hz,standing,1,standing,1,sgkf_grouped_20260731_seed42_k4,data/staging/20260731_rebuild01/cleaned_csv/standing_20260716_133059_20hz.csv,5,0,5,0,0
standing_20260716_133145_20hz,standing,1,standing,4,sgkf_grouped_20260731_seed42_k4,data/staging/20260731_rebuild01/cleaned_csv/standing_20260716_133145_20hz.csv,5,0,5,0,0
standing_20260716_133230_20hz,standing,1,standing,2,sgkf_grouped_20260731_seed42_k4,data/staging/20260731_rebuild01/cleaned_csv/standing_20260716_133230_20hz.csv,5,0,5,0,0
standing_20260716_133244_20hz,standing,1,standing,2,sgkf_grouped_20260731_seed42_k4,data/staging/20260731_rebuild01/cleaned_csv/standing_20260716_133244_20hz.csv,5,0,5,0,0
standing_20260716_133300_20hz,standing,1,standing,2,sgkf_grouped_20260731_seed42_k4,data/staging/20260731_rebuild01/cleaned_csv/standing_20260716_133300_20hz.csv,5,0,5,0,0
standing_20260716_133314_20hz,standing,1,standing,3,sgkf_grouped_20260731_seed42_k4,data/staging/20260731_rebuild01/cleaned_csv/standing_20260716_133314_20hz.csv,5,0,5,0,0
standing_20260716_133336_20hz,standing,1,standing,4,sgkf_grouped_20260731_seed42_k4,data/staging/20260731_rebuild01/cleaned_csv/standing_20260716_133336_20hz.csv,5,0,5,0,0
standing_20260716_133356_20hz,standing,1,standing,1,sgkf_grouped_20260731_seed42_k4,data/staging/20260731_rebuild01/cleaned_csv/standing_20260716_133356_20hz.csv,5,0,5,0,0
standing_20260716_133409_20hz,standing,1,standing,2,sgkf_grouped_20260731_seed42_k4,data/staging/20260731_rebuild01/cleaned_csv/standing_20260716_133409_20hz.csv,5,0,5,0,0
standing_20260716_133528_20hz,standing,1,standing,3,sgkf_grouped_20260731_seed42_k4,data/staging/20260731_rebuild01/cleaned_csv/standing_20260716_133528_20hz.csv,5,0,5,0,0
standing_20260716_133547_20hz,standing,1,standing,1,sgkf_grouped_20260731_seed42_k4,data/staging/20260731_rebuild01/cleaned_csv/standing_20260716_133547_20hz.csv,5,0,5,0,0
standing_20260716_133711_20hz,standing,1,standing,2,sgkf_grouped_20260731_seed42_k4,data/staging/20260731_rebuild01/cleaned_csv/standing_20260716_133711_20hz.csv,5,0,5,0,0
standing_20260717_145758_20hz,standing,1,standing,1,sgkf_grouped_20260731_seed42_k4,data/staging/20260731_rebuild01/cleaned_csv/standing_20260717_145758_20hz.csv,5,0,5,0,0
standing_20260717_145810_20hz,standing,1,standing,3,sgkf_grouped_20260731_seed42_k4,data/staging/20260731_rebuild01/cleaned_csv/standing_20260717_145810_20hz.csv,4,0,4,0,0
standing_20260717_145826_20hz,standing,1,standing,1,sgkf_grouped_20260731_seed42_k4,data/staging/20260731_rebuild01/cleaned_csv/standing_20260717_145826_20hz.csv,5,0,5,0,0
standing_20260717_145842_20hz,standing,1,standing,4,sgkf_grouped_20260731_seed42_k4,data/staging/20260731_rebuild01/cleaned_csv/standing_20260717_145842_20hz.csv,5,0,5,0,0
standing_20260717_145855_20hz,standing,1,standing,2,sgkf_grouped_20260731_seed42_k4,data/staging/20260731_rebuild01/cleaned_csv/standing_20260717_145855_20hz.csv,5,0,5,0,0
standing_20260717_145919_20hz,standing,1,standing,3,sgkf_grouped_20260731_seed42_k4,data/staging/20260731_rebuild01/cleaned_csv/standing_20260717_145919_20hz.csv,5,0,5,0,0
standing_20260717_145931_20hz,standing,1,standing,3,sgkf_grouped_20260731_seed42_k4,data/staging/20260731_rebuild01/cleaned_csv/standing_20260717_145931_20hz.csv,5,0,5,0,0
standing_20260717_145943_20hz,standing,1,standing,4,sgkf_grouped_20260731_seed42_k4,data/staging/20260731_rebuild01/cleaned_csv/standing_20260717_145943_20hz.csv,5,0,5,0,0
standing_20260717_145957_20hz,standing,1,standing,3,sgkf_grouped_20260731_seed42_k4,data/staging/20260731_rebuild01/cleaned_csv/standing_20260717_145957_20hz.csv,5,0,5,0,0
standing_20260717_150019_20hz,standing,1,standing,4,sgkf_grouped_20260731_seed42_k4,data/staging/20260731_rebuild01/cleaned_csv/standing_20260717_150019_20hz.csv,5,0,5,0,0
standing_20260717_150034_20hz,standing,1,standing,2,sgkf_grouped_20260731_seed42_k4,data/staging/20260731_rebuild01/cleaned_csv/standing_20260717_150034_20hz.csv,5,0,5,0,0
standing_20260717_150103_20hz,standing,1,standing,1,sgkf_grouped_20260731_seed42_k4,data/staging/20260731_rebuild01/cleaned_csv/standing_20260717_150103_20hz.csv,5,0,5,0,0
standing_20260717_150114_20hz,standing,1,standing,3,sgkf_grouped_20260731_seed42_k4,data/staging/20260731_rebuild01/cleaned_csv/standing_20260717_150114_20hz.csv,5,0,5,0,0
standing_20260717_150206_20hz,standing,1,standing,1,sgkf_grouped_20260731_seed42_k4,data/staging/20260731_rebuild01/cleaned_csv/standing_20260717_150206_20hz.csv,5,0,5,0,0
standing_20260717_150221_20hz,standing,1,standing,1,sgkf_grouped_20260731_seed42_k4,data/staging/20260731_rebuild01/cleaned_csv/standing_20260717_150221_20hz.csv,5,0,5,0,0
standing_20260717_150241_20hz,standing,1,standing,2,sgkf_grouped_20260731_seed42_k4,data/staging/20260731_rebuild01/cleaned_csv/standing_20260717_150241_20hz.csv,5,0,5,0,0
standing_20260717_150257_20hz,standing,1,standing,3,sgkf_grouped_20260731_seed42_k4,data/staging/20260731_rebuild01/cleaned_csv/standing_20260717_150257_20hz.csv,5,0,5,0,0
standing_20260717_150312_20hz,standing,1,standing,4,sgkf_grouped_20260731_seed42_k4,data/staging/20260731_rebuild01/cleaned_csv/standing_20260717_150312_20hz.csv,5,0,5,0,0
standing_20260717_150330_20hz,standing,1,standing,4,sgkf_grouped_20260731_seed42_k4,data/staging/20260731_rebuild01/cleaned_csv/standing_20260717_150330_20hz.csv,5,0,5,0,0
standing_20260717_150533_20hz,standing,1,standing,1,sgkf_grouped_20260731_seed42_k4,data/staging/20260731_rebuild01/cleaned_csv/standing_20260717_150533_20hz.csv,5,0,5,0,0
standing_20260717_150555_20hz,standing,1,standing,2,sgkf_grouped_20260731_seed42_k4,data/staging/20260731_rebuild01/cleaned_csv/standing_20260717_150555_20hz.csv,5,0,5,0,0
standing_20260717_150613_20hz,standing,1,standing,3,sgkf_grouped_20260731_seed42_k4,data/staging/20260731_rebuild01/cleaned_csv/standing_20260717_150613_20hz.csv,5,0,5,0,0
standing_20260717_150628_20hz,standing,1,standing,1,sgkf_grouped_20260731_seed42_k4,data/staging/20260731_rebuild01/cleaned_csv/standing_20260717_150628_20hz.csv,5,0,5,0,0
standing_20260717_150643_20hz,standing,1,standing,2,sgkf_grouped_20260731_seed42_k4,data/staging/20260731_rebuild01/cleaned_csv/standing_20260717_150643_20hz.csv,5,0,5,0,0
standing_20260717_150656_20hz,standing,1,standing,3,sgkf_grouped_20260731_seed42_k4,data/staging/20260731_rebuild01/cleaned_csv/standing_20260717_150656_20hz.csv,5,0,5,0,0
standing_20260717_150805_20hz,standing,1,standing,4,sgkf_grouped_20260731_seed42_k4,data/staging/20260731_rebuild01/cleaned_csv/standing_20260717_150805_20hz.csv,5,0,5,0,0
standing_20260717_150824_20hz,standing,1,standing,4,sgkf_grouped_20260731_seed42_k4,data/staging/20260731_rebuild01/cleaned_csv/standing_20260717_150824_20hz.csv,5,0,5,0,0
standing_20260717_150842_20hz,standing,1,standing,4,sgkf_grouped_20260731_seed42_k4,data/staging/20260731_rebuild01/cleaned_csv/standing_20260717_150842_20hz.csv,5,0,5,0,0
standing_20260717_150900_20hz,standing,1,standing,2,sgkf_grouped_20260731_seed42_k4,data/staging/20260731_rebuild01/cleaned_csv/standing_20260717_150900_20hz.csv,5,0,5,0,0
standing_20260717_150916_20hz,standing,1,standing,1,sgkf_grouped_20260731_seed42_k4,data/staging/20260731_rebuild01/cleaned_csv/standing_20260717_150916_20hz.csv,5,0,5,0,0
standing_20260717_151033_20hz,standing,1,standing,2,sgkf_grouped_20260731_seed42_k4,data/staging/20260731_rebuild01/cleaned_csv/standing_20260717_151033_20hz.csv,5,0,5,0,0
walking_20260715_132014_20hz,walking,0,walking,3,sgkf_grouped_20260731_seed42_k4,data/staging/20260731_rebuild01/cleaned_csv/walking_20260715_132014_20hz.csv,4,4,0,0,0
walking_20260715_132116_20hz,walking,0,walking,4,sgkf_grouped_20260731_seed42_k4,data/staging/20260731_rebuild01/cleaned_csv/walking_20260715_132116_20hz.csv,5,5,0,0,0
walking_20260715_132127_20hz,walking,0,walking,3,sgkf_grouped_20260731_seed42_k4,data/staging/20260731_rebuild01/cleaned_csv/walking_20260715_132127_20hz.csv,5,5,0,0,0
walking_20260715_132139_20hz,walking,0,walking,2,sgkf_grouped_20260731_seed42_k4,data/staging/20260731_rebuild01/cleaned_csv/walking_20260715_132139_20hz.csv,5,5,0,0,0
walking_20260715_132151_20hz,walking,0,walking,1,sgkf_grouped_20260731_seed42_k4,data/staging/20260731_rebuild01/cleaned_csv/walking_20260715_132151_20hz.csv,5,5,0,0,0
walking_20260715_132209_20hz,walking,0,walking,3,sgkf_grouped_20260731_seed42_k4,data/staging/20260731_rebuild01/cleaned_csv/walking_20260715_132209_20hz.csv,5,5,0,0,0
walking_20260715_132218_20hz,walking,0,walking,4,sgkf_grouped_20260731_seed42_k4,data/staging/20260731_rebuild01/cleaned_csv/walking_20260715_132218_20hz.csv,5,5,0,0,0
walking_20260715_132228_20hz,walking,0,walking,1,sgkf_grouped_20260731_seed42_k4,data/staging/20260731_rebuild01/cleaned_csv/walking_20260715_132228_20hz.csv,5,5,0,0,0
walking_20260715_132237_20hz,walking,0,walking,2,sgkf_grouped_20260731_seed42_k4,data/staging/20260731_rebuild01/cleaned_csv/walking_20260715_132237_20hz.csv,5,5,0,0,0
walking_20260715_132247_20hz,walking,0,walking,3,sgkf_grouped_20260731_seed42_k4,data/staging/20260731_rebuild01/cleaned_csv/walking_20260715_132247_20hz.csv,5,5,0,0,0
walking_20260715_132314_20hz,walking,0,walking,4,sgkf_grouped_20260731_seed42_k4,data/staging/20260731_rebuild01/cleaned_csv/walking_20260715_132314_20hz.csv,5,5,0,0,0
walking_20260715_132323_20hz,walking,0,walking,1,sgkf_grouped_20260731_seed42_k4,data/staging/20260731_rebuild01/cleaned_csv/walking_20260715_132323_20hz.csv,5,5,0,0,0
walking_20260715_132332_20hz,walking,0,walking,1,sgkf_grouped_20260731_seed42_k4,data/staging/20260731_rebuild01/cleaned_csv/walking_20260715_132332_20hz.csv,5,5,0,0,0
walking_20260715_132341_20hz,walking,0,walking,3,sgkf_grouped_20260731_seed42_k4,data/staging/20260731_rebuild01/cleaned_csv/walking_20260715_132341_20hz.csv,5,5,0,0,0
walking_20260715_132351_20hz,walking,0,walking,2,sgkf_grouped_20260731_seed42_k4,data/staging/20260731_rebuild01/cleaned_csv/walking_20260715_132351_20hz.csv,5,5,0,0,0
walking_20260715_132444_20hz,walking,0,walking,2,sgkf_grouped_20260731_seed42_k4,data/staging/20260731_rebuild01/cleaned_csv/walking_20260715_132444_20hz.csv,5,5,0,0,0
walking_20260715_132456_20hz,walking,0,walking,4,sgkf_grouped_20260731_seed42_k4,data/staging/20260731_rebuild01/cleaned_csv/walking_20260715_132456_20hz.csv,5,5,0,0,0
walking_20260715_132509_20hz,walking,0,walking,1,sgkf_grouped_20260731_seed42_k4,data/staging/20260731_rebuild01/cleaned_csv/walking_20260715_132509_20hz.csv,5,5,0,0,0
walking_20260715_132541_20hz,walking,0,walking,3,sgkf_grouped_20260731_seed42_k4,data/staging/20260731_rebuild01/cleaned_csv/walking_20260715_132541_20hz.csv,4,4,0,0,0
walking_20260715_132611_20hz,walking,0,walking,2,sgkf_grouped_20260731_seed42_k4,data/staging/20260731_rebuild01/cleaned_csv/walking_20260715_132611_20hz.csv,5,5,0,0,0
walking_20260715_132825_20hz,walking,0,walking,4,sgkf_grouped_20260731_seed42_k4,data/staging/20260731_rebuild01/cleaned_csv/walking_20260715_132825_20hz.csv,3,3,0,0,0
walking_20260715_132836_20hz,walking,0,walking,3,sgkf_grouped_20260731_seed42_k4,data/staging/20260731_rebuild01/cleaned_csv/walking_20260715_132836_20hz.csv,5,5,0,0,0
walking_20260715_132917_20hz,walking,0,walking,4,sgkf_grouped_20260731_seed42_k4,data/staging/20260731_rebuild01/cleaned_csv/walking_20260715_132917_20hz.csv,5,5,0,0,0
walking_20260715_132929_20hz,walking,0,walking,2,sgkf_grouped_20260731_seed42_k4,data/staging/20260731_rebuild01/cleaned_csv/walking_20260715_132929_20hz.csv,5,5,0,0,0
walking_20260715_132941_20hz,walking,0,walking,4,sgkf_grouped_20260731_seed42_k4,data/staging/20260731_rebuild01/cleaned_csv/walking_20260715_132941_20hz.csv,5,5,0,0,0
walking_20260715_132953_20hz,walking,0,walking,1,sgkf_grouped_20260731_seed42_k4,data/staging/20260731_rebuild01/cleaned_csv/walking_20260715_132953_20hz.csv,3,3,0,0,0
walking_20260715_133010_20hz,walking,0,walking,3,sgkf_grouped_20260731_seed42_k4,data/staging/20260731_rebuild01/cleaned_csv/walking_20260715_133010_20hz.csv,3,3,0,0,0
walking_20260715_133039_20hz,walking,0,walking,2,sgkf_grouped_20260731_seed42_k4,data/staging/20260731_rebuild01/cleaned_csv/walking_20260715_133039_20hz.csv,5,5,0,0,0
walking_20260715_133054_20hz,walking,0,walking,4,sgkf_grouped_20260731_seed42_k4,data/staging/20260731_rebuild01/cleaned_csv/walking_20260715_133054_20hz.csv,5,5,0,0,0
walking_20260715_133119_20hz,walking,0,walking,4,sgkf_grouped_20260731_seed42_k4,data/staging/20260731_rebuild01/cleaned_csv/walking_20260715_133119_20hz.csv,5,5,0,0,0
walking_20260715_133128_20hz,walking,0,walking,1,sgkf_grouped_20260731_seed42_k4,data/staging/20260731_rebuild01/cleaned_csv/walking_20260715_133128_20hz.csv,2,2,0,0,0
walking_20260715_133138_20hz,walking,0,walking,3,sgkf_grouped_20260731_seed42_k4,data/staging/20260731_rebuild01/cleaned_csv/walking_20260715_133138_20hz.csv,5,5,0,0,0
walking_20260715_133153_20hz,walking,0,walking,2,sgkf_grouped_20260731_seed42_k4,data/staging/20260731_rebuild01/cleaned_csv/walking_20260715_133153_20hz.csv,5,5,0,0,0
walking_20260715_133202_20hz,walking,0,walking,4,sgkf_grouped_20260731_seed42_k4,data/staging/20260731_rebuild01/cleaned_csv/walking_20260715_133202_20hz.csv,3,3,0,0,0
walking_20260715_133312_20hz,walking,0,walking,1,sgkf_grouped_20260731_seed42_k4,data/staging/20260731_rebuild01/cleaned_csv/walking_20260715_133312_20hz.csv,5,5,0,0,0
walking_20260715_133322_20hz,walking,0,walking,2,sgkf_grouped_20260731_seed42_k4,data/staging/20260731_rebuild01/cleaned_csv/walking_20260715_133322_20hz.csv,4,4,0,0,0
walking_20260715_133333_20hz,walking,0,walking,3,sgkf_grouped_20260731_seed42_k4,data/staging/20260731_rebuild01/cleaned_csv/walking_20260715_133333_20hz.csv,5,5,0,0,0
walking_20260715_133344_20hz,walking,0,walking,3,sgkf_grouped_20260731_seed42_k4,data/staging/20260731_rebuild01/cleaned_csv/walking_20260715_133344_20hz.csv,5,5,0,0,0
walking_20260715_133354_20hz,walking,0,walking,4,sgkf_grouped_20260731_seed42_k4,data/staging/20260731_rebuild01/cleaned_csv/walking_20260715_133354_20hz.csv,5,5,0,0,0
walking_20260715_133404_20hz,walking,0,walking,2,sgkf_grouped_20260731_seed42_k4,data/staging/20260731_rebuild01/cleaned_csv/walking_20260715_133404_20hz.csv,5,5,0,0,0
walking_20260715_133416_20hz,walking,0,walking,4,sgkf_grouped_20260731_seed42_k4,data/staging/20260731_rebuild01/cleaned_csv/walking_20260715_133416_20hz.csv,5,5,0,0,0
walking_20260715_133425_20hz,walking,0,walking,1,sgkf_grouped_20260731_seed42_k4,data/staging/20260731_rebuild01/cleaned_csv/walking_20260715_133425_20hz.csv,5,5,0,0,0
walking_20260715_133435_20hz,walking,0,walking,4,sgkf_grouped_20260731_seed42_k4,data/staging/20260731_rebuild01/cleaned_csv/walking_20260715_133435_20hz.csv,5,5,0,0,0
walking_20260715_133445_20hz,walking,0,walking,1,sgkf_grouped_20260731_seed42_k4,data/staging/20260731_rebuild01/cleaned_csv/walking_20260715_133445_20hz.csv,5,5,0,0,0
walking_20260715_133456_20hz,walking,0,walking,2,sgkf_grouped_20260731_seed42_k4,data/staging/20260731_rebuild01/cleaned_csv/walking_20260715_133456_20hz.csv,5,5,0,0,0
walking_20260715_133507_20hz,walking,0,walking,2,sgkf_grouped_20260731_seed42_k4,data/staging/20260731_rebuild01/cleaned_csv/walking_20260715_133507_20hz.csv,5,5,0,0,0
walking_20260715_133516_20hz,walking,0,walking,3,sgkf_grouped_20260731_seed42_k4,data/staging/20260731_rebuild01/cleaned_csv/walking_20260715_133516_20hz.csv,5,5,0,0,0
walking_20260715_133526_20hz,walking,0,walking,1,sgkf_grouped_20260731_seed42_k4,data/staging/20260731_rebuild01/cleaned_csv/walking_20260715_133526_20hz.csv,5,5,0,0,0
walking_20260715_133536_20hz,walking,0,walking,3,sgkf_grouped_20260731_seed42_k4,data/staging/20260731_rebuild01/cleaned_csv/walking_20260715_133536_20hz.csv,5,5,0,0,0
walking_20260715_133749_20hz,walking,0,walking,4,sgkf_grouped_20260731_seed42_k4,data/staging/20260731_rebuild01/cleaned_csv/walking_20260715_133749_20hz.csv,5,5,0,0,0
walking_20260715_133803_20hz,walking,0,walking,1,sgkf_grouped_20260731_seed42_k4,data/staging/20260731_rebuild01/cleaned_csv/walking_20260715_133803_20hz.csv,5,5,0,0,0
walking_20260715_133827_20hz,walking,0,walking,1,sgkf_grouped_20260731_seed42_k4,data/staging/20260731_rebuild01/cleaned_csv/walking_20260715_133827_20hz.csv,5,5,0,0,0
walking_20260715_133839_20hz,walking,0,walking,2,sgkf_grouped_20260731_seed42_k4,data/staging/20260731_rebuild01/cleaned_csv/walking_20260715_133839_20hz.csv,5,5,0,0,0
walking_20260715_133852_20hz,walking,0,walking,2,sgkf_grouped_20260731_seed42_k4,data/staging/20260731_rebuild01/cleaned_csv/walking_20260715_133852_20hz.csv,5,5,0,0,0
walking_20260715_134027_20hz,walking,0,walking,1,sgkf_grouped_20260731_seed42_k4,data/staging/20260731_rebuild01/cleaned_csv/walking_20260715_134027_20hz.csv,5,5,0,0,0
walking_20260715_134127_20hz,walking,0,walking,2,sgkf_grouped_20260731_seed42_k4,data/staging/20260731_rebuild01/cleaned_csv/walking_20260715_134127_20hz.csv,5,5,0,0,0
walking_20260715_134140_20hz,walking,0,walking,4,sgkf_grouped_20260731_seed42_k4,data/staging/20260731_rebuild01/cleaned_csv/walking_20260715_134140_20hz.csv,5,5,0,0,0
walking_20260715_134154_20hz,walking,0,walking,3,sgkf_grouped_20260731_seed42_k4,data/staging/20260731_rebuild01/cleaned_csv/walking_20260715_134154_20hz.csv,5,5,0,0,0
walking_20260715_134206_20hz,walking,0,walking,4,sgkf_grouped_20260731_seed42_k4,data/staging/20260731_rebuild01/cleaned_csv/walking_20260715_134206_20hz.csv,5,5,0,0,0
walking_20260715_134221_20hz,walking,0,walking,2,sgkf_grouped_20260731_seed42_k4,data/staging/20260731_rebuild01/cleaned_csv/walking_20260715_134221_20hz.csv,5,5,0,0,0
walking_20260715_134250_20hz,walking,0,walking,1,sgkf_grouped_20260731_seed42_k4,data/staging/20260731_rebuild01/cleaned_csv/walking_20260715_134250_20hz.csv,5,5,0,0,0
walking_20260715_134305_20hz,walking,0,walking,1,sgkf_grouped_20260731_seed42_k4,data/staging/20260731_rebuild01/cleaned_csv/walking_20260715_134305_20hz.csv,5,5,0,0,0
walking_20260715_134324_20hz,walking,0,walking,3,sgkf_grouped_20260731_seed42_k4,data/staging/20260731_rebuild01/cleaned_csv/walking_20260715_134324_20hz.csv,5,5,0,0,0
walking_20260715_134337_20hz,walking,0,walking,4,sgkf_grouped_20260731_seed42_k4,data/staging/20260731_rebuild01/cleaned_csv/walking_20260715_134337_20hz.csv,5,5,0,0,0
walking_20260715_134422_20hz,walking,0,walking,1,sgkf_grouped_20260731_seed42_k4,data/staging/20260731_rebuild01/cleaned_csv/walking_20260715_134422_20hz.csv,5,5,0,0,0
walking_20260715_134435_20hz,walking,0,walking,3,sgkf_grouped_20260731_seed42_k4,data/staging/20260731_rebuild01/cleaned_csv/walking_20260715_134435_20hz.csv,5,5,0,0,0
walking_20260715_134447_20hz,walking,0,walking,4,sgkf_grouped_20260731_seed42_k4,data/staging/20260731_rebuild01/cleaned_csv/walking_20260715_134447_20hz.csv,5,5,0,0,0
walking_20260715_134501_20hz,walking,0,walking,2,sgkf_grouped_20260731_seed42_k4,data/staging/20260731_rebuild01/cleaned_csv/walking_20260715_134501_20hz.csv,5,5,0,0,0
walking_20260715_134511_20hz,walking,0,walking,3,sgkf_grouped_20260731_seed42_k4,data/staging/20260731_rebuild01/cleaned_csv/walking_20260715_134511_20hz.csv,3,3,0,0,0
walking_20260715_134522_20hz,walking,0,walking,2,sgkf_grouped_20260731_seed42_k4,data/staging/20260731_rebuild01/cleaned_csv/walking_20260715_134522_20hz.csv,5,5,0,0,0
walking_20260715_134542_20hz,walking,0,walking,1,sgkf_grouped_20260731_seed42_k4,data/staging/20260731_rebuild01/cleaned_csv/walking_20260715_134542_20hz.csv,5,5,0,0,0
walking_20260715_134552_20hz,walking,0,walking,3,sgkf_grouped_20260731_seed42_k4,data/staging/20260731_rebuild01/cleaned_csv/walking_20260715_134552_20hz.csv,5,5,0,0,0
walking_20260715_134602_20hz,walking,0,walking,4,sgkf_grouped_20260731_seed42_k4,data/staging/20260731_rebuild01/cleaned_csv/walking_20260715_134602_20hz.csv,5,5,0,0,0
walking_20260715_134612_20hz,walking,0,walking,4,sgkf_grouped_20260731_seed42_k4,data/staging/20260731_rebuild01/cleaned_csv/walking_20260715_134612_20hz.csv,5,5,0,0,0
walking_20260715_134622_20hz,walking,0,walking,1,sgkf_grouped_20260731_seed42_k4,data/staging/20260731_rebuild01/cleaned_csv/walking_20260715_134622_20hz.csv,5,5,0,0,0
walking_20260715_134631_20hz,walking,0,walking,3,sgkf_grouped_20260731_seed42_k4,data/staging/20260731_rebuild01/cleaned_csv/walking_20260715_134631_20hz.csv,5,5,0,0,0
walking_20260715_134641_20hz,walking,0,walking,2,sgkf_grouped_20260731_seed42_k4,data/staging/20260731_rebuild01/cleaned_csv/walking_20260715_134641_20hz.csv,5,5,0,0,0
walking_20260715_134650_20hz,walking,0,walking,4,sgkf_grouped_20260731_seed42_k4,data/staging/20260731_rebuild01/cleaned_csv/walking_20260715_134650_20hz.csv,5,5,0,0,0
walking_20260715_134700_20hz,walking,0,walking,1,sgkf_grouped_20260731_seed42_k4,data/staging/20260731_rebuild01/cleaned_csv/walking_20260715_134700_20hz.csv,5,5,0,0,0
walking_20260715_134722_20hz,walking,0,walking,4,sgkf_grouped_20260731_seed42_k4,data/staging/20260731_rebuild01/cleaned_csv/walking_20260715_134722_20hz.csv,5,5,0,0,0
walking_20260715_134732_20hz,walking,0,walking,2,sgkf_grouped_20260731_seed42_k4,data/staging/20260731_rebuild01/cleaned_csv/walking_20260715_134732_20hz.csv,5,5,0,0,0
walking_20260715_134741_20hz,walking,0,walking,3,sgkf_grouped_20260731_seed42_k4,data/staging/20260731_rebuild01/cleaned_csv/walking_20260715_134741_20hz.csv,5,5,0,0,0
walking_20260715_134750_20hz,walking,0,walking,2,sgkf_grouped_20260731_seed42_k4,data/staging/20260731_rebuild01/cleaned_csv/walking_20260715_134750_20hz.csv,5,5,0,0,0
walking_20260715_134800_20hz,walking,0,walking,2,sgkf_grouped_20260731_seed42_k4,data/staging/20260731_rebuild01/cleaned_csv/walking_20260715_134800_20hz.csv,5,5,0,0,0
walking_20260715_134817_20hz,walking,0,walking,4,sgkf_grouped_20260731_seed42_k4,data/staging/20260731_rebuild01/cleaned_csv/walking_20260715_134817_20hz.csv,5,5,0,0,0
walking_20260715_134826_20hz,walking,0,walking,2,sgkf_grouped_20260731_seed42_k4,data/staging/20260731_rebuild01/cleaned_csv/walking_20260715_134826_20hz.csv,5,5,0,0,0
walking_20260715_134836_20hz,walking,0,walking,1,sgkf_grouped_20260731_seed42_k4,data/staging/20260731_rebuild01/cleaned_csv/walking_20260715_134836_20hz.csv,5,5,0,0,0
walking_20260715_134846_20hz,walking,0,walking,3,sgkf_grouped_20260731_seed42_k4,data/staging/20260731_rebuild01/cleaned_csv/walking_20260715_134846_20hz.csv,5,5,0,0,0
walking_20260715_134856_20hz,walking,0,walking,1,sgkf_grouped_20260731_seed42_k4,data/staging/20260731_rebuild01/cleaned_csv/walking_20260715_134856_20hz.csv,5,5,0,0,0
walking_20260715_134933_20hz,walking,0,walking,3,sgkf_grouped_20260731_seed42_k4,data/staging/20260731_rebuild01/cleaned_csv/walking_20260715_134933_20hz.csv,5,5,0,0,0
walking_20260715_134945_20hz,walking,0,walking,2,sgkf_grouped_20260731_seed42_k4,data/staging/20260731_rebuild01/cleaned_csv/walking_20260715_134945_20hz.csv,5,5,0,0,0
walking_20260715_134957_20hz,walking,0,walking,3,sgkf_grouped_20260731_seed42_k4,data/staging/20260731_rebuild01/cleaned_csv/walking_20260715_134957_20hz.csv,5,5,0,0,0
walking_20260715_135009_20hz,walking,0,walking,4,sgkf_grouped_20260731_seed42_k4,data/staging/20260731_rebuild01/cleaned_csv/walking_20260715_135009_20hz.csv,5,5,0,0,0
walking_20260715_135022_20hz,walking,0,walking,1,sgkf_grouped_20260731_seed42_k4,data/staging/20260731_rebuild01/cleaned_csv/walking_20260715_135022_20hz.csv,5,5,0,0,0
walking_20260715_135036_20hz,walking,0,walking,2,sgkf_grouped_20260731_seed42_k4,data/staging/20260731_rebuild01/cleaned_csv/walking_20260715_135036_20hz.csv,5,5,0,0,0
walking_20260715_135049_20hz,walking,0,walking,4,sgkf_grouped_20260731_seed42_k4,data/staging/20260731_rebuild01/cleaned_csv/walking_20260715_135049_20hz.csv,5,5,0,0,0
walking_20260715_135102_20hz,walking,0,walking,4,sgkf_grouped_20260731_seed42_k4,data/staging/20260731_rebuild01/cleaned_csv/walking_20260715_135102_20hz.csv,5,5,0,0,0
walking_20260715_135116_20hz,walking,0,walking,3,sgkf_grouped_20260731_seed42_k4,data/staging/20260731_rebuild01/cleaned_csv/walking_20260715_135116_20hz.csv,5,5,0,0,0
walking_20260715_135129_20hz,walking,0,walking,2,sgkf_grouped_20260731_seed42_k4,data/staging/20260731_rebuild01/cleaned_csv/walking_20260715_135129_20hz.csv,5,5,0,0,0
walking_20260715_135141_20hz,walking,0,walking,2,sgkf_grouped_20260731_seed42_k4,data/staging/20260731_rebuild01/cleaned_csv/walking_20260715_135141_20hz.csv,5,5,0,0,0
walking_20260715_135158_20hz,walking,0,walking,3,sgkf_grouped_20260731_seed42_k4,data/staging/20260731_rebuild01/cleaned_csv/walking_20260715_135158_20hz.csv,5,5,0,0,0
walking_20260715_175015_20hz,walking,0,walking,4,sgkf_grouped_20260731_seed42_k4,data/staging/20260731_rebuild01/cleaned_csv/walking_20260715_175015_20hz.csv,4,4,0,0,0
walking_20260715_175053_20hz,walking,0,walking,1,sgkf_grouped_20260731_seed42_k4,data/staging/20260731_rebuild01/cleaned_csv/walking_20260715_175053_20hz.csv,5,5,0,0,0
walking_20260715_175122_20hz,walking,0,walking,1,sgkf_grouped_20260731_seed42_k4,data/staging/20260731_rebuild01/cleaned_csv/walking_20260715_175122_20hz.csv,5,5,0,0,0
walking_20260715_175352_20hz,walking,0,walking,3,sgkf_grouped_20260731_seed42_k4,data/staging/20260731_rebuild01/cleaned_csv/walking_20260715_175352_20hz.csv,5,5,0,0,0
walking_20260715_175426_20hz,walking,0,walking,1,sgkf_grouped_20260731_seed42_k4,data/staging/20260731_rebuild01/cleaned_csv/walking_20260715_175426_20hz.csv,5,5,0,0,0
walking_20260715_175445_20hz,walking,0,walking,2,sgkf_grouped_20260731_seed42_k4,data/staging/20260731_rebuild01/cleaned_csv/walking_20260715_175445_20hz.csv,5,5,0,0,0
walking_20260715_175458_20hz,walking,0,walking,4,sgkf_grouped_20260731_seed42_k4,data/staging/20260731_rebuild01/cleaned_csv/walking_20260715_175458_20hz.csv,5,5,0,0,0
walking_20260715_175514_20hz,walking,0,walking,1,sgkf_grouped_20260731_seed42_k4,data/staging/20260731_rebuild01/cleaned_csv/walking_20260715_175514_20hz.csv,5,5,0,0,0
walking_20260715_175528_20hz,walking,0,walking,2,sgkf_grouped_20260731_seed42_k4,data/staging/20260731_rebuild01/cleaned_csv/walking_20260715_175528_20hz.csv,5,5,0,0,0
walking_20260715_175540_20hz,walking,0,walking,3,sgkf_grouped_20260731_seed42_k4,data/staging/20260731_rebuild01/cleaned_csv/walking_20260715_175540_20hz.csv,5,5,0,0,0
walking_20260715_175552_20hz,walking,0,walking,1,sgkf_grouped_20260731_seed42_k4,data/staging/20260731_rebuild01/cleaned_csv/walking_20260715_175552_20hz.csv,5,5,0,0,0
walking_20260715_175605_20hz,walking,0,walking,4,sgkf_grouped_20260731_seed42_k4,data/staging/20260731_rebuild01/cleaned_csv/walking_20260715_175605_20hz.csv,5,5,0,0,0
walking_20260715_175627_20hz,walking,0,walking,4,sgkf_grouped_20260731_seed42_k4,data/staging/20260731_rebuild01/cleaned_csv/walking_20260715_175627_20hz.csv,5,5,0,0,0
walking_20260715_175641_20hz,walking,0,walking,2,sgkf_grouped_20260731_seed42_k4,data/staging/20260731_rebuild01/cleaned_csv/walking_20260715_175641_20hz.csv,4,4,0,0,0
walking_20260715_175652_20hz,walking,0,walking,3,sgkf_grouped_20260731_seed42_k4,data/staging/20260731_rebuild01/cleaned_csv/walking_20260715_175652_20hz.csv,4,4,0,0,0
walking_20260715_175705_20hz,walking,0,walking,2,sgkf_grouped_20260731_seed42_k4,data/staging/20260731_rebuild01/cleaned_csv/walking_20260715_175705_20hz.csv,5,5,0,0,0
walking_20260715_175721_20hz,walking,0,walking,3,sgkf_grouped_20260731_seed42_k4,data/staging/20260731_rebuild01/cleaned_csv/walking_20260715_175721_20hz.csv,2,2,0,0,0
walking_20260715_175733_20hz,walking,0,walking,4,sgkf_grouped_20260731_seed42_k4,data/staging/20260731_rebuild01/cleaned_csv/walking_20260715_175733_20hz.csv,5,5,0,0,0
walking_20260715_175747_20hz,walking,0,walking,1,sgkf_grouped_20260731_seed42_k4,data/staging/20260731_rebuild01/cleaned_csv/walking_20260715_175747_20hz.csv,5,5,0,0,0
walking_20260715_175758_20hz,walking,0,walking,1,sgkf_grouped_20260731_seed42_k4,data/staging/20260731_rebuild01/cleaned_csv/walking_20260715_175758_20hz.csv,5,5,0,0,0
walking_20260715_175810_20hz,walking,0,walking,4,sgkf_grouped_20260731_seed42_k4,data/staging/20260731_rebuild01/cleaned_csv/walking_20260715_175810_20hz.csv,5,5,0,0,0
walking_20260715_175823_20hz,walking,0,walking,2,sgkf_grouped_20260731_seed42_k4,data/staging/20260731_rebuild01/cleaned_csv/walking_20260715_175823_20hz.csv,5,5,0,0,0
walking_20260715_175836_20hz,walking,0,walking,3,sgkf_grouped_20260731_seed42_k4,data/staging/20260731_rebuild01/cleaned_csv/walking_20260715_175836_20hz.csv,5,5,0,0,0
walking_20260715_175924_20hz,walking,0,walking,1,sgkf_grouped_20260731_seed42_k4,data/staging/20260731_rebuild01/cleaned_csv/walking_20260715_175924_20hz.csv,4,4,0,0,0
walking_20260715_175935_20hz,walking,0,walking,2,sgkf_grouped_20260731_seed42_k4,data/staging/20260731_rebuild01/cleaned_csv/walking_20260715_175935_20hz.csv,5,5,0,0,0
walking_20260715_175955_20hz,walking,0,walking,1,sgkf_grouped_20260731_seed42_k4,data/staging/20260731_rebuild01/cleaned_csv/walking_20260715_175955_20hz.csv,5,5,0,0,0
walking_20260715_180006_20hz,walking,0,walking,3,sgkf_grouped_20260731_seed42_k4,data/staging/20260731_rebuild01/cleaned_csv/walking_20260715_180006_20hz.csv,5,5,0,0,0
walking_20260715_180126_20hz,walking,0,walking,2,sgkf_grouped_20260731_seed42_k4,data/staging/20260731_rebuild01/cleaned_csv/walking_20260715_180126_20hz.csv,5,5,0,0,0
walking_20260715_180137_20hz,walking,0,walking,4,sgkf_grouped_20260731_seed42_k4,data/staging/20260731_rebuild01/cleaned_csv/walking_20260715_180137_20hz.csv,5,5,0,0,0
walking_20260715_180151_20hz,walking,0,walking,4,sgkf_grouped_20260731_seed42_k4,data/staging/20260731_rebuild01/cleaned_csv/walking_20260715_180151_20hz.csv,5,5,0,0,0
walking_20260715_180205_20hz,walking,0,walking,1,sgkf_grouped_20260731_seed42_k4,data/staging/20260731_rebuild01/cleaned_csv/walking_20260715_180205_20hz.csv,4,4,0,0,0
walking_20260715_180232_20hz,walking,0,walking,3,sgkf_grouped_20260731_seed42_k4,data/staging/20260731_rebuild01/cleaned_csv/walking_20260715_180232_20hz.csv,5,5,0,0,0
walking_20260715_180248_20hz,walking,0,walking,4,sgkf_grouped_20260731_seed42_k4,data/staging/20260731_rebuild01/cleaned_csv/walking_20260715_180248_20hz.csv,5,5,0,0,0
walking_20260715_180358_20hz,walking,0,walking,1,sgkf_grouped_20260731_seed42_k4,data/staging/20260731_rebuild01/cleaned_csv/walking_20260715_180358_20hz.csv,5,5,0,0,0
walking_20260715_180413_20hz,walking,0,walking,2,sgkf_grouped_20260731_seed42_k4,data/staging/20260731_rebuild01/cleaned_csv/walking_20260715_180413_20hz.csv,5,5,0,0,0
