stream_offset,frame_id,message_type,payload_length,report,record_index,target_num,cluster_id,x_m,y_m,z_m,dop_idx,speed_m_s,area0,area1,area2,area3,detected
26,1051,0x0A0A,16,area_presence,,,,,,,,,1,0,0,0,1
51,1052,0x0A04,24,target_list,0,1,1,0.14534740149974823,0.6941633224487305,-0.19474884867668152,-1,,,,,,
84,1053,0x0A0A,16,area_presence,,,,,,,,,1,0,0,0,1
109,1054,0x0A04,24,target_list,0,1,1,0.14534740149974823,0.6941633224487305,-0.19474884867668152,-1,,,,,,
142,1055,0x0A0A,16,area_presence,,,,,,,,,1,0,0,0,1
167,1056,0x0A04,24,target_list,0,1,1,0.14534740149974823,0.6941633224487305,-0.19474884867668152,-1,,,,,,
200,1057,0x0A0A,16,area_presence,,,,,,,,,1,0,0,0,1
225,1058,0x0A04,24,target_list,0,1,1,0.14534740149974823,0.6941633224487305,-0.19474884867668152,-1,,,,,,
258,1059,0x0A0A,16,area_presence,,,,,,,,,1,0,0,0,1
283,1060,0x0A04,24,target_list,0,1,1,0.14534740149974823,0.6941633224487305,-0.19474884867668152,-1,,,,,,
316,1061,0x0A0A,16,area_presence,,,,,,,,,1,0,0,0,1
341,1062,0x0A04,24,target_list,0,1,1,0.14534740149974823,0.6941633224487305,-0.19474884867668152,-1,,,,,,
374,1063,0x0A0A,16,area_presence,,,,,,,,,1,0,0,0,1
399,1064,0x0A04,24,target_list,0,1,1,0.14534740149974823,0.6941633224487305,-0.19474884867668152,-1,,,,,,
432,1065,0x0A0A,16,area_presence,,,,,,,,,1,0,0,0,1
457,1066,0x0A04,24,target_list,0,1,1,0.14534740149974823,0.6941633224487305,-0.19474884867668152,-1,,,,,,
490,1067,0x0A0A,16,area_presence,,,,,,,,,1,0,0,0,1
515,1068,0x0A04,24,target_list,0,1,1,0.14534740149974823,0.6941633224487305,-0.19474884867668152,-1,,,,,,
548,1069,0x0A0A,16,area_presence,,,,,,,,,1,0,0,0,1
573,1070,0x0A04,24,target_list,0,1,1,0.14534740149974823,0.6941633224487305,-0.19474884867668152,-1,,,,,,
606,1071,0x0A0A,16,area_presence,,,,,,,,,1,0,0,0,1
631,1072,0x0A04,24,target_list,0,1,1,0.14534740149974823,0.6941633224487305,-0.19474884867668152,-1,,,,,,
664,1073,0x0A0A,16,area_presence,,,,,,,,,1,0,0,0,1
689,1074,0x0A04,24,target_list,0,1,1,0.14534740149974823,0.6941633224487305,-0.19474884867668152,-1,,,,,,
722,1075,0x0A0A,16,area_presence,,,,,,,,,1,0,0,0,1
747,1076,0x0A04,24,target_list,0,1,1,0.14534740149974823,0.6941633224487305,-0.19474884867668152,-1,,,,,,
780,1077,0x0A0A,16,area_presence,,,,,,,,,1,0,0,0,1
805,1078,0x0A04,24,target_list,0,1,1,0.14534740149974823,0.6941633224487305,-0.19474884867668152,-1,,,,,,
838,1079,0x0A0A,16,area_presence,,,,,,,,,1,0,0,0,1
863,1080,0x0A04,24,target_list,0,1,1,0.14534740149974823,0.6941633224487305,-0.19474884867668152,-1,,,,,,
896,1081,0x0A0A,16,area_presence,,,,,,,,,1,0,0,0,1
921,1082,0x0A04,24,target_list,0,1,1,0.14534740149974823,0.6941633224487305,-0.19474884867668152,-1,,,,,,
954,1083,0x0A0A,16,area_presence,,,,,,,,,1,0,0,0,1
979,1084,0x0A04,24,target_list,0,1,1,0.14534740149974823,0.6941633224487305,-0.19474884867668152,-1,,,,,,
1012,1085,0x0A0A,16,area_presence,,,,,,,,,1,0,0,0,1
1037,1086,0x0A04,24,target_list,0,1,1,0.19178862869739532,0.6984553337097168,-0.21998631954193115,0,,,,,,
1070,1087,0x0A0A,16,area_presence,,,,,,,,,1,0,0,0,1
1095,1088,0x0A04,24,target_list,0,1,1,0.19178862869739532,0.6984553337097168,-0.21998631954193115,0,,,,,,
1128,1089,0x0A0A,16,area_presence,,,,,,,,,1,0,0,0,1
1153,1090,0x0A04,24,target_list,0,1,1,0.1324753761291504,0.7164950966835022,-0.07650336623191833,0,,,,,,
1186,1091,0x0A0A,16,area_presence,,,,,,,,,1,0,0,0,1
1211,1092,0x0A04,24,target_list,0,1,1,0.1324753761291504,0.7164950966835022,-0.07650336623191833,0,,,,,,
1244,1093,0x0A0A,16,area_presence,,,,,,,,,1,0,0,0,1
1269,1094,0x0A04,24,target_list,0,1,1,0.1324753761291504,0.7164950966835022,-0.07650336623191833,0,,,,,,
1302,1095,0x0A0A,16,area_presence,,,,,,,,,1,0,0,0,1
1327,1096,0x0A04,24,target_list,0,1,1,0.1324753761291504,0.7164950966835022,-0.07650336623191833,0,,,,,,
1360,1097,0x0A0A,16,area_presence,,,,,,,,,1,0,0,0,1
1385,1098,0x0A04,24,target_list,0,1,1,0.1324753761291504,0.7164950966835022,-0.07650336623191833,0,,,,,,
1418,1099,0x0A0A,16,area_presence,,,,,,,,,1,0,0,0,1
1443,1100,0x0A04,24,target_list,0,1,1,0.1324753761291504,0.7164950966835022,-0.07650336623191833,0,,,,,,
1476,1101,0x0A0A,16,area_presence,,,,,,,,,1,0,0,0,1
1501,1102,0x0A04,24,target_list,0,1,1,0.1324753761291504,0.7164950966835022,-0.07650336623191833,0,,,,,,
1534,1103,0x0A0A,16,area_presence,,,,,,,,,1,0,0,0,1
1559,1104,0x0A04,24,target_list,0,1,1,0.14874990284442902,0.7341737151145935,-0.13856367766857147,0,,,,,,
1592,1105,0x0A0A,16,area_presence,,,,,,,,,1,0,0,0,1
1617,1106,0x0A04,24,target_list,0,1,1,0.14874990284442902,0.7341737151145935,-0.13856367766857147,0,,,,,,
1650,1107,0x0A0A,16,area_presence,,,,,,,,,1,0,0,0,1
1675,1108,0x0A04,24,target_list,0,1,1,0.14874990284442902,0.7341737151145935,-0.13856367766857147,0,,,,,,
1708,1109,0x0A0A,16,area_presence,,,,,,,,,1,0,0,0,1
1733,1110,0x0A04,24,target_list,0,1,1,0.14874990284442902,0.7341737151145935,-0.13856367766857147,0,,,,,,
1766,1111,0x0A0A,16,area_presence,,,,,,,,,1,0,0,0,1
1791,1112,0x0A04,24,target_list,0,1,1,0.14874990284442902,0.7341737151145935,-0.13856367766857147,0,,,,,,
1824,1113,0x0A0A,16,area_presence,,,,,,,,,1,0,0,0,1
1849,1114,0x0A04,24,target_list,0,1,1,0.14874990284442902,0.7341737151145935,-0.13856367766857147,0,,,,,,
1882,1115,0x0A0A,16,area_presence,,,,,,,,,1,0,0,0,1
1907,1116,0x0A04,24,target_list,0,1,1,0.14874990284442902,0.7341737151145935,-0.13856367766857147,0,,,,,,
1940,1117,0x0A0A,16,area_presence,,,,,,,,,1,0,0,0,1
1965,1118,0x0A04,24,target_list,0,1,1,0.14874990284442902,0.7341737151145935,-0.13856367766857147,0,,,,,,
1998,1119,0x0A0A,16,area_presence,,,,,,,,,1,0,0,0,1
2023,1120,0x0A04,24,target_list,0,1,1,0.14874990284442902,0.7341737151145935,-0.13856367766857147,0,,,,,,
2056,1121,0x0A0A,16,area_presence,,,,,,,,,1,0,0,0,1
2081,1122,0x0A04,24,target_list,0,1,1,0.14874990284442902,0.7341737151145935,-0.13856367766857147,0,,,,,,
2114,1123,0x0A0A,16,area_presence,,,,,,,,,1,0,0,0,1
2139,1124,0x0A04,24,target_list,0,1,1,0.14874990284442902,0.7341737151145935,-0.13856367766857147,0,,,,,,
2172,1125,0x0A0A,16,area_presence,,,,,,,,,1,0,0,0,1
2197,1126,0x0A04,24,target_list,0,1,1,0.14874990284442902,0.7341737151145935,-0.13856367766857147,0,,,,,,
2230,1127,0x0A0A,16,area_presence,,,,,,,,,1,302055424,168820739,130826,1
2269,4612,0x0A04,24,target_list,0,1,1,-0.21619941294193268,0.5690242648124695,-0.48965099453926086,0,,,,,,
2302,4613,0x0A0A,16,area_presence,,,,,,,,,1,0,0,0,1
2327,4614,0x0A04,24,target_list,0,1,1,-0.21619941294193268,0.5690242648124695,-0.48965099453926086,0,,,,,,
2360,4615,0x0A0A,16,area_presence,,,,,,,,,1,0,0,0,1
2385,4616,0x0A04,24,target_list,0,1,1,-0.21619941294193268,0.5690242648124695,-0.48965099453926086,0,,,,,,
2418,4617,0x0A0A,16,area_presence,,,,,,,,,1,0,0,0,1
2443,4618,0x0A04,24,target_list,0,1,1,-0.21619941294193268,0.5690242648124695,-0.48965099453926086,0,,,,,,
2476,4619,0x0A0A,16,area_presence,,,,,,,,,1,0,0,0,1
2501,4620,0x0A04,24,target_list,0,1,1,-0.21619941294193268,0.5690242648124695,-0.48965099453926086,0,,,,,,
2534,4621,0x0A0A,16,area_presence,,,,,,,,,1,0,0,0,1
2559,4622,0x0A04,24,target_list,0,1,1,-0.21619941294193268,0.5690242648124695,-0.48965099453926086,0,,,,,,
2592,4623,0x0A0A,16,area_presence,,,,,,,,,1,0,0,0,1
2617,4624,0x0A04,24,target_list,0,1,1,-0.21619941294193268,0.5690242648124695,-0.48965099453926086,0,,,,,,
2650,4625,0x0A0A,16,area_presence,,,,,,,,,1,0,0,0,1
2675,4626,0x0A04,24,target_list,0,1,1,-0.21619941294193268,0.5690242648124695,-0.48965099453926086,0,,,,,,
2708,4627,0x0A0A,16,area_presence,,,,,,,,,1,0,0,0,1
2733,4628,0x0A04,24,target_list,0,1,1,-0.21619941294193268,0.5690242648124695,-0.48965099453926086,0,,,,,,
2766,4629,0x0A0A,16,area_presence,,,,,,,,,1,0,0,0,1
2791,4630,0x0A04,24,target_list,0,1,1,-0.21619941294193268,0.5690242648124695,-0.48965099453926086,0,,,,,,
2824,4631,0x0A0A,16,area_presence,,,,,,,,,1,0,0,0,1
2849,4632,0x0A04,24,target_list,0,1,1,-0.21619941294193268,0.5690242648124695,-0.48965099453926086,0,,,,,,
2882,4633,0x0A0A,16,area_presence,,,,,,,,,1,0,0,0,1
2907,4634,0x0A04,24,target_list,0,1,1,-0.10393306612968445,0.6537121534347534,0.010483003221452236,4,,,,,,
2940,4635,0x0A0A,16,area_presence,,,,,,,,,1,0,0,0,1
2965,4636,0x0A04,24,target_list,0,1,1,-0.10393306612968445,0.6537121534347534,0.010483003221452236,4,,,,,,
2998,4637,0x0A0A,16,area_presence,,,,,,,,,1,0,0,0,1
3023,4638,0x0A04,24,target_list,0,1,1,-0.10393306612968445,0.6537121534347534,0.010483003221452236,4,,,,,,
3056,4639,0x0A0A,16,area_presence,,,,,,,,,1,0,0,0,1
3081,4640,0x0A04,24,target_list,0,1,1,-0.10393306612968445,0.6537121534347534,0.010483003221452236,4,,,,,,
3114,4641,0x0A0A,16,area_presence,,,,,,,,,1,0,0,0,1
3139,4642,0x0A04,24,target_list,0,1,1,-0.10393306612968445,0.6537121534347534,0.010483003221452236,4,,,,,,
3172,4643,0x0A0A,16,area_presence,,,,,,,,,1,0,0,0,1
3197,4644,0x0A04,24,target_list,0,1,1,-0.10393306612968445,0.6537121534347534,0.010483003221452236,4,,,,,,
3230,4645,0x0A0A,16,area_presence,,,,,,,,,1,0,0,0,1
3255,4646,0x0A04,24,target_list,0,1,1,-0.10393306612968445,0.6537121534347534,0.010483003221452236,4,,,,,,
3288,4647,0x0A0A,16,area_presence,,,,,,,,,1,0,0,0,1
3313,4648,0x0A04,24,target_list,0,1,1,-0.10393306612968445,0.6537121534347534,0.010483003221452236,4,,,,,,
3346,4649,0x0A0A,16,area_presence,,,,,,,,,1,0,0,0,1
3371,4650,0x0A04,24,target_list,0,1,1,-0.10393306612968445,0.6537121534347534,0.010483003221452236,4,,,,,,
3404,4651,0x0A0A,16,area_presence,,,,,,,,,1,0,0,0,1
3429,4652,0x0A04,24,target_list,0,1,1,-0.10393306612968445,0.6537121534347534,0.010483003221452236,4,,,,,,
3462,4653,0x0A0A,16,area_presence,,,,,,,,,1,0,0,0,1
3487,4654,0x0A04,24,target_list,0,1,1,-0.10393306612968445,0.6537121534347534,0.010483003221452236,4,,,,,,
3520,4655,0x0A0A,16,area_presence,,,,,,,,,1,0,0,0,1
3545,4656,0x0A04,24,target_list,0,1,1,-0.10393306612968445,0.6537121534347534,0.010483003221452236,4,,,,,,
3578,4657,0x0A0A,16,area_presence,,,,,,,,,1,0,0,0,1
3603,4658,0x0A04,24,target_list,0,1,1,-0.10393306612968445,0.6537121534347534,0.010483003221452236,4,,,,,,
3636,4659,0x0A0A,16,area_presence,,,,,,,,,1,0,0,0,1
3661,4660,0x0A04,24,target_list,0,1,1,-0.10393306612968445,0.6537121534347534,0.010483003221452236,4,,,,,,
3694,4661,0x0A0A,16,area_presence,,,,,,,,,1,0,0,0,1
3719,4662,0x0A04,24,target_list,0,1,1,-0.10393306612968445,0.6537121534347534,0.010483003221452236,4,,,,,,
3752,4663,0x0A0A,16,area_presence,,,,,,,,,1,0,0,0,1
3777,4664,0x0A04,24,target_list,0,1,1,-0.10393306612968445,0.6537121534347534,0.010483003221452236,4,,,,,,
3810,4665,0x0A0A,16,area_presence,,,,,,,,,1,0,0,0,1
3835,4666,0x0A04,24,target_list,0,1,1,-0.10393306612968445,0.6537121534347534,0.010483003221452236,4,,,,,,
3868,4667,0x0A0A,16,area_presence,,,,,,,,,1,0,0,0,1
3893,4668,0x0A04,24,target_list,0,1,1,-0.10393306612968445,0.6537121534347534,0.010483003221452236,4,,,,,,
3926,4669,0x0A0A,16,area_presence,,,,,,,,,1,0,0,0,1
3951,4670,0x0A04,24,target_list,0,1,1,-0.10393306612968445,0.6537121534347534,0.010483003221452236,4,,,,,,
3984,4671,0x0A0A,16,area_presence,,,,,,,,,1,0,0,0,1
4009,4672,0x0A04,24,target_list,0,1,1,-0.10393306612968445,0.6537121534347534,0.010483003221452236,4,,,,,,
4042,4673,0x0A0A,16,area_presence,,,,,,,,,1,0,0,0,1
4067,4674,0x0A04,24,target_list,0,1,1,-0.04855834320187569,0.7024632692337036,-0.0018372662598267198,7,,,,,,
4100,4675,0x0A0A,16,area_presence,,,,,,,,,1,0,0,0,1
4125,4676,0x0A04,24,target_list,0,1,1,-0.04855834320187569,0.7024632692337036,-0.0018372662598267198,7,,,,,,
4158,4677,0x0A0A,16,area_presence,,,,,,,,,1,0,0,0,1
4183,4678,0x0A04,24,target_list,0,1,1,-0.11633208394050598,0.7407738566398621,0.10094931721687317,-3,,,,,,
4216,4679,0x0A0A,16,area_presence,,,,,,,,,1,0,0,0,1
4241,4680,0x0A04,24,target_list,0,1,1,-0.11633208394050598,0.7407738566398621,0.10094931721687317,-3,,,,,,
4274,4681,0x0A0A,16,area_presence,,,,,,,,,1,0,0,0,1
4299,4682,0x0A04,24,target_list,0,1,1,-0.11633208394050598,0.7407738566398621,0.10094931721687317,-3,,,,,,
4332,4683,0x0A0A,16,area_presence,,,,,,,,,1,0,0,0,1
4357,4684,0x0A04,24,target_list,0,1,1,-0.1579730063676834,0.7673472166061401,-0.03894522413611412,4,,,,,,
4390,4685,0x0A0A,16,area_presence,,,,,,,,,1,0,0,0,1
4415,4686,0x0A04,24,target_list,0,1,1,-0.1579730063676834,0.7673472166061401,-0.03894522413611412,4,,,,,,
4448,4687,0x0A0A,16,area_presence,,,,,,,,,1,0,0,0,1
4473,4688,0x0A04,24,target_list,0,1,1,-0.1579730063676834,0.7673472166061401,-0.03894522413611412,4,,,,,,
4506,4689,0x0A0A,16,area_presence,,,,,,,,,1,0,0,0,1
4531,4690,0x0A04,24,target_list,0,1,1,-0.1579730063676834,0.7673472166061401,-0.03894522413611412,4,,,,,,
4564,4691,0x0A0A,16,area_presence,,,,,,,,,1,0,0,0,1
4589,4692,0x0A04,24,target_list,0,1,1,-0.1579730063676834,0.7673472166061401,-0.03894522413611412,4,,,,,,
4622,4693,0x0A0A,16,area_presence,,,,,,,,,1,0,0,0,1
4647,4694,0x0A04,24,target_list,0,1,1,-0.1579730063676834,0.7673472166061401,-0.03894522413611412,4,,,,,,
4680,4695,0x0A0A,16,area_presence,,,,,,,,,1,0,0,0,1
4705,4696,0x0A04,24,target_list,0,1,1,-0.1579730063676834,0.7673472166061401,-0.03894522413611412,4,,,,,,
4738,4697,0x0A0A,16,area_presence,,,,,,,,,1,0,0,0,1
4763,4698,0x0A04,24,target_list,0,1,1,-0.1579730063676834,0.7673472166061401,-0.03894522413611412,4,,,,,,
4796,4699,0x0A0A,16,area_presence,,,,,,,,,1,0,0,0,1
4821,4700,0x0A04,24,target_list,0,1,1,-0.1579730063676834,0.7673472166061401,-0.03894522413611412,4,,,,,,
4854,4701,0x0A0A,16,area_presence,,,,,,,,,1,0,0,0,1
4879,4702,0x0A04,24,target_list,0,1,1,-0.1467837542295456,1.0904091596603394,0.4697570204734802,0,,,,,,
4912,4703,0x0A0A,16,area_presence,,,,,,,,,1,0,0,0,1
4937,4704,0x0A04,24,target_list,0,1,1,-0.1467837542295456,1.0904091596603394,0.4697570204734802,0,,,,,,
4970,4705,0x0A0A,16,area_presence,,,,,,,,,1,0,0,0,1
4995,4706,0x0A04,24,target_list,0,1,1,-0.1467837542295456,1.0904091596603394,0.4697570204734802,0,,,,,,
5028,4707,0x0A0A,16,area_presence,,,,,,,,,1,0,0,0,1
5053,4708,0x0A04,24,target_list,0,1,1,-0.1467837542295456,1.0904091596603394,0.4697570204734802,0,,,,,,
5086,4709,0x0A0A,16,area_presence,,,,,,,,,1,0,0,0,1
5111,4710,0x0A04,24,target_list,0,1,1,-0.1467837542295456,1.0904091596603394,0.4697570204734802,0,,,,,,
5144,4711,0x0A0A,16,area_presence,,,,,,,,,1,0,0,0,1
5169,4712,0x0A04,24,target_list,0,1,1,-0.1467837542295456,1.0904091596603394,0.4697570204734802,0,,,,,,
5202,4713,0x0A0A,16,area_presence,,,,,,,,,1,0,0,0,1
5227,4714,0x0A04,24,target_list,0,1,1,-0.1467837542295456,1.0904091596603394,0.4697570204734802,0,,,,,,
5260,4715,0x0A0A,16,area_presence,,,,,,,,,1,0,0,0,1
5285,4716,0x0A04,24,target_list,0,1,1,-0.1467837542295456,1.0904091596603394,0.4697570204734802,0,,,,,,
5318,4717,0x0A0A,16,area_presence,,,,,,,,,1,0,0,0,1
5343,4718,0x0A04,24,target_list,0,1,1,-0.1467837542295456,1.0904091596603394,0.4697570204734802,0,,,,,,
5376,4719,0x0A0A,16,area_presence,,,,,,,,,1,0,0,0,1
5401,4720,0x0A04,24,target_list,0,1,1,-0.1467837542295456,1.0904091596603394,0.4697570204734802,0,,,,,,
5434,4721,0x0A0A,16,area_presence,,,,,,,,,1,0,0,0,1
5459,4722,0x0A04,24,target_list,0,1,1,-0.1467837542295456,1.0904091596603394,0.4697570204734802,0,,,,,,
5492,4723,0x0A0A,16,area_presence,,,,,,,,,1,0,0,0,1
5517,4724,0x0A04,24,target_list,0,1,1,-0.1467837542295456,1.0904091596603394,0.4697570204734802,0,,,,,,
5550,4725,0x0A0A,16,area_presence,,,,,,,,,1,0,0,0,1
5575,4726,0x0A04,24,target_list,0,1,1,-0.1467837542295456,1.0904091596603394,0.4697570204734802,0,,,,,,
5608,4727,0x0A0A,16,area_presence,,,,,,,,,1,0,0,0,1
5633,4728,0x0A04,24,target_list,0,1,1,-0.1467837542295456,1.0904091596603394,0.4697570204734802,0,,,,,,
5666,4729,0x0A0A,16,area_presence,,,,,,,,,1,0,0,0,1
5691,4730,0x0A04,24,target_list,0,1,1,-0.1467837542295456,1.0904091596603394,0.4697570204734802,0,,,,,,
5724,4731,0x0A0A,16,area_presence,,,,,,,,,1,0,0,0,1
5749,4732,0x0A04,24,target_list,0,1,1,-0.1467837542295456,1.0904091596603394,0.4697570204734802,0,,,,,,
5782,4733,0x0A0A,16,area_presence,,,,,,,,,1,0,0,0,1
5807,4734,0x0A04,24,target_list,0,1,1,-0.1467837542295456,1.0904091596603394,0.4697570204734802,0,,,,,,
5840,4735,0x0A0A,16,area_presence,,,,,,,,,1,0,0,0,1
5865,4736,0x0A04,24,target_list,0,1,1,-0.1467837542295456,1.0904091596603394,0.4697570204734802,0,,,,,,
5898,4737,0x0A0A,16,area_presence,,,,,,,,,1,0,0,0,1
5923,4738,0x0A04,24,target_list,0,1,1,-0.1467837542295456,1.0904091596603394,0.4697570204734802,0,,,,,,
5956,4739,0x0A0A,16,area_presence,,,,,,,,,1,0,0,0,1
5981,4740,0x0A04,24,target_list,0,1,1,-0.1467837542295456,1.0904091596603394,0.4697570204734802,0,,,,,,
6014,4741,0x0A0A,16,area_presence,,,,,,,,,1,0,0,0,1
6039,4742,0x0A04,24,target_list,0,1,1,-0.1467837542295456,1.0904091596603394,0.4697570204734802,0,,,,,,
6072,4743,0x0A0A,16,area_presence,,,,,,,,,1,0,0,0,1
6097,4744,0x0A04,24,target_list,0,1,1,-0.1467837542295456,1.0904091596603394,0.4697570204734802,0,,,,,,
6130,4745,0x0A0A,16,area_presence,,,,,,,,,1,0,0,0,1
6155,4746,0x0A04,24,target_list,0,1,1,-0.1467837542295456,1.0904091596603394,0.4697570204734802,0,,,,,,
6188,4747,0x0A0A,16,area_presence,,,,,,,,,1,0,0,0,1
6213,4748,0x0A04,24,target_list,0,1,1,-0.1467837542295456,1.0904091596603394,0.4697570204734802,0,,,,,,
6246,4749,0x0A0A,16,area_presence,,,,,,,,,1,0,0,0,1
6271,4750,0x0A04,24,target_list,0,1,1,-0.1467837542295456,1.0904091596603394,0.4697570204734802,0,,,,,,
6304,4751,0x0A0A,16,area_presence,,,,,,,,,1,0,0,0,1
6329,4752,0x0A04,24,target_list,0,1,1,-0.1467837542295456,1.0904091596603394,0.4697570204734802,0,,,,,,
6362,4753,0x0A0A,16,area_presence,,,,,,,,,1,0,0,0,1
6387,4754,0x0A04,24,target_list,0,1,1,-0.1467837542295456,1.0904091596603394,0.4697570204734802,0,,,,,,
6420,4755,0x0A0A,16,area_presence,,,,,,,,,1,0,0,0,1
6445,4756,0x0A04,24,target_list,0,1,1,-0.1467837542295456,1.0904091596603394,0.4697570204734802,0,,,,,,
6478,4757,0x0A0A,16,area_presence,,,,,,,,,1,0,0,0,1
6503,4758,0x0A04,24,target_list,0,1,1,-0.1467837542295456,1.0904091596603394,0.4697570204734802,0,,,,,,
6536,4759,0x0A0A,16,area_presence,,,,,,,,,1,0,0,0,1
6561,4760,0x0A04,24,target_list,0,1,1,-0.1467837542295456,1.0904091596603394,0.4697570204734802,0,,,,,,
