source_session_id,source_csv,activity,label,outer_fold,clip_length_frames,clip_start_row,clip_end_row_exclusive,clip_start_s,clip_end_s,event_start_s,impact_s,event_end_s,pre_event_context_s,requested_post_impact_s,physical_post_impact_s,padding_left_frames,padding_right_frames,valid_frames,annotation_confidence,quality_flags,sampling_rule
falling_20260714_160429_20hz,data/staging/20260731_rebuild01/cleaned_csv/falling_20260714_160429_20hz.csv,fall,3,1,60,18,78,0.9,3.9,1.3,2.9,3.4,0.4,1.0,1.0,0,0,60,high,none,impact_plus_1s
falling_20260714_160514_20hz,data/staging/20260731_rebuild01/cleaned_csv/falling_20260714_160514_20hz.csv,fall,3,2,60,12,72,0.6,3.6,1.5,2.6,3.7,0.9,1.0,1.0,0,0,60,high,none,impact_plus_1s
falling_20260714_160558_20hz,data/staging/20260731_rebuild01/cleaned_csv/falling_20260714_160558_20hz.csv,fall,3,3,60,-33,27,-1.65,1.35,0.0,0.35,0.85,1.65,1.0,1.0,33,0,27,medium,event_near_recording_boundary,impact_plus_1s
falling_20260714_160643_20hz,data/staging/20260731_rebuild01/cleaned_csv/falling_20260714_160643_20hz.csv,fall,3,4,60,-18,42,-0.9,2.1,0.6,1.1,1.95,1.5,1.0,1.0,18,0,42,medium,geometry_edge_warning,impact_plus_1s
falling_20260714_160712_20hz,data/staging/20260731_rebuild01/cleaned_csv/falling_20260714_160712_20hz.csv,fall,3,1,60,16,76,0.8,3.8,1.7,2.8,3.9,0.8999999999999999,1.0,1.0,0,0,60,medium,event_near_recording_boundary;geometry_edge_warning,impact_plus_1s
falling_20260714_160746_20hz,data/staging/20260731_rebuild01/cleaned_csv/falling_20260714_160746_20hz.csv,fall,3,2,60,21,81,1.05,4.05,1.95,3.05,4.15,0.8999999999999999,1.0,1.0,0,0,60,medium,geometry_edge_warning,impact_plus_1s
falling_20260714_160910_20hz,data/staging/20260731_rebuild01/cleaned_csv/falling_20260714_160910_20hz.csv,fall,3,3,60,28,88,1.4,4.4,2.9,3.4,4.0,1.5,1.0,0.6499999999999999,0,7,53,medium,event_near_recording_boundary;missing_post_event_stability;weak_height_evidence,impact_plus_1s
falling_20260714_161012_20hz,data/staging/20260731_rebuild01/cleaned_csv/falling_20260714_161012_20hz.csv,fall,3,2,60,51,111,2.55,5.55,3.45,4.55,4.65,0.9000000000000004,1.0,0.15000000000000036,0,17,43,medium,event_near_recording_boundary;geometry_edge_warning;missing_post_event_stability;weak_height_evidence,impact_plus_1s
falling_20260714_161118_20hz,data/staging/20260731_rebuild01/cleaned_csv/falling_20260714_161118_20hz.csv,fall,3,4,60,-19,41,-0.95,2.05,0.55,1.05,1.55,1.5,1.0,1.0,19,0,41,high,none,impact_plus_1s
falling_20260714_161242_20hz,data/staging/20260731_rebuild01/cleaned_csv/falling_20260714_161242_20hz.csv,fall,3,2,60,-13,47,-0.65,2.35,0.15,1.35,1.85,0.8,1.0,1.0,13,0,47,medium,event_near_recording_boundary,impact_plus_1s
falling_20260714_161320_20hz,data/staging/20260731_rebuild01/cleaned_csv/falling_20260714_161320_20hz.csv,fall,3,4,60,27,87,1.35,4.35,2.85,3.35,3.85,1.5,1.0,1.0,0,0,60,medium,geometry_edge_warning,impact_plus_1s
falling_20260714_161412_20hz,data/staging/20260731_rebuild01/cleaned_csv/falling_20260714_161412_20hz.csv,fall,3,3,60,22,82,1.1,4.1,2.6,3.1,3.6,1.5,1.0,1.0,0,0,60,medium,multiple_or_broad_peaks,impact_plus_1s
falling_20260714_161434_20hz,data/staging/20260731_rebuild01/cleaned_csv/falling_20260714_161434_20hz.csv,fall,3,1,60,40,100,2.0,5.0,2.85,4.0,4.5,0.8500000000000001,1.0,0.6500000000000004,0,7,53,medium,event_near_recording_boundary;geometry_edge_warning;weak_height_evidence,impact_plus_1s
falling_20260714_161551_20hz,data/staging/20260731_rebuild01/cleaned_csv/falling_20260714_161551_20hz.csv,fall,3,1,60,22,82,1.1,4.1,2.2,3.1,3.6,1.1,1.0,0.8999999999999999,0,2,58,medium,geometry_edge_warning,impact_plus_1s
falling_20260714_161632_20hz,data/staging/20260731_rebuild01/cleaned_csv/falling_20260714_161632_20hz.csv,fall,3,3,60,5,65,0.25,3.25,1.15,2.25,3.35,0.8999999999999999,1.0,1.0,0,0,60,medium,geometry_edge_warning,impact_plus_1s
falling_20260715_135643_20hz,data/staging/20260731_rebuild01/cleaned_csv/falling_20260715_135643_20hz.csv,fall,3,2,60,15,75,0.75,3.75,2.35,2.75,3.75,1.6,1.0,1.0,0,0,60,medium,geometry_edge_warning,impact_plus_1s
falling_20260715_135656_20hz,data/staging/20260731_rebuild01/cleaned_csv/falling_20260715_135656_20hz.csv,fall,3,3,60,25,85,1.25,4.25,2.15,3.25,4.0,0.8999999999999999,1.0,0.7999999999999998,0,4,56,medium,event_near_recording_boundary;geometry_edge_warning;missing_post_event_stability;multiple_or_broad_peaks;weak_height_evidence,impact_plus_1s
falling_20260715_135739_20hz,data/staging/20260731_rebuild01/cleaned_csv/falling_20260715_135739_20hz.csv,fall,3,4,60,20,80,1.0,4.0,2.45,3.0,4.0,1.4500000000000002,1.0,1.0,0,0,60,medium,geometry_edge_warning,impact_plus_1s
falling_20260715_135815_20hz,data/staging/20260731_rebuild01/cleaned_csv/falling_20260715_135815_20hz.csv,fall,3,4,60,29,89,1.45,4.45,2.35,3.45,4.35,0.9000000000000001,1.0,0.9500000000000002,0,1,59,medium,event_near_recording_boundary;geometry_edge_warning;missing_post_event_stability;weak_height_evidence,impact_plus_1s
falling_20260715_135901_20hz,data/staging/20260731_rebuild01/cleaned_csv/falling_20260715_135901_20hz.csv,fall,3,1,60,23,83,1.15,4.15,2.05,3.15,4.25,0.8999999999999999,1.0,1.0,0,0,60,medium,geometry_edge_warning;weak_height_evidence,impact_plus_1s
falling_20260715_135915_20hz,data/staging/20260731_rebuild01/cleaned_csv/falling_20260715_135915_20hz.csv,fall,3,3,60,-11,49,-0.55,2.45,0.85,1.45,1.95,1.4,1.0,1.0,11,0,49,medium,geometry_edge_warning;multiple_or_broad_peaks,impact_plus_1s
falling_20260715_140019_20hz,data/staging/20260731_rebuild01/cleaned_csv/falling_20260715_140019_20hz.csv,fall,3,4,60,-8,52,-0.4,2.6,0.5,1.6,2.7,0.9,1.0,1.0,8,0,52,medium,geometry_edge_warning,impact_plus_1s
falling_20260715_140220_20hz,data/staging/20260731_rebuild01/cleaned_csv/falling_20260715_140220_20hz.csv,fall,3,2,60,0,60,0.0,3.0,0.9,2.0,3.1,0.9,1.0,1.0,0,0,60,medium,geometry_edge_warning,impact_plus_1s
falling_20260715_140305_20hz,data/staging/20260731_rebuild01/cleaned_csv/falling_20260715_140305_20hz.csv,fall,3,1,60,-6,54,-0.3,2.7,1.2,1.7,2.2,1.5,1.0,1.0,6,0,54,medium,geometry_edge_warning,impact_plus_1s
falling_20260715_140329_20hz,data/staging/20260731_rebuild01/cleaned_csv/falling_20260715_140329_20hz.csv,fall,3,2,60,-13,47,-0.65,2.35,0.25,1.35,2.45,0.9,1.0,1.0,13,0,47,medium,geometry_edge_warning,impact_plus_1s
falling_20260715_140506_20hz,data/staging/20260731_rebuild01/cleaned_csv/falling_20260715_140506_20hz.csv,fall,3,3,60,-30,30,-1.5,1.5,0.0,0.5,1.5,1.5,1.0,1.0,30,0,30,medium,event_near_recording_boundary;weak_height_evidence,impact_plus_1s
falling_20260715_140533_20hz,data/staging/20260731_rebuild01/cleaned_csv/falling_20260715_140533_20hz.csv,fall,3,4,60,16,76,0.8,3.8,1.15,2.8,3.3,0.34999999999999987,1.0,1.0,0,0,60,medium,geometry_edge_warning,impact_plus_1s
falling_20260715_140548_20hz,data/staging/20260731_rebuild01/cleaned_csv/falling_20260715_140548_20hz.csv,fall,3,1,60,36,96,1.8,4.8,2.0,3.8,4.15,0.19999999999999996,1.0,0.40000000000000036,0,12,48,medium,event_near_recording_boundary;missing_post_event_stability;weak_height_evidence,impact_plus_1s
falling_20260715_140602_20hz,data/staging/20260731_rebuild01/cleaned_csv/falling_20260715_140602_20hz.csv,fall,3,4,60,41,101,2.05,5.05,2.9,4.05,4.6,0.8500000000000001,1.0,0.6000000000000005,0,8,52,medium,event_near_recording_boundary;geometry_edge_warning;missing_post_event_stability;weak_height_evidence,impact_plus_1s
falling_20260715_141456_20hz,data/staging/20260731_rebuild01/cleaned_csv/falling_20260715_141456_20hz.csv,fall,3,2,60,-4,56,-0.2,2.8,0.7,1.8,2.9,0.8999999999999999,1.0,1.0,4,0,56,medium,geometry_edge_warning,impact_plus_1s
falling_20260715_141624_20hz,data/staging/20260731_rebuild01/cleaned_csv/falling_20260715_141624_20hz.csv,fall,3,3,60,-10,50,-0.5,2.5,0.55,1.5,2.25,1.05,1.0,1.0,10,0,50,medium,geometry_edge_warning,impact_plus_1s
falling_20260715_141756_20hz,data/staging/20260731_rebuild01/cleaned_csv/falling_20260715_141756_20hz.csv,fall,3,3,60,17,77,0.85,3.85,2.35,2.85,4.05,1.5,1.0,1.0,0,0,60,high,none,impact_plus_1s
falling_20260715_141826_20hz,data/staging/20260731_rebuild01/cleaned_csv/falling_20260715_141826_20hz.csv,fall,3,1,60,22,82,1.1,4.1,2.35,3.1,3.6,1.25,1.0,1.0,0,0,60,high,none,impact_plus_1s
falling_20260715_141852_20hz,data/staging/20260731_rebuild01/cleaned_csv/falling_20260715_141852_20hz.csv,fall,3,2,60,24,84,1.2,4.2,2.1,3.2,4.3,0.9000000000000001,1.0,1.0,0,0,60,high,none,impact_plus_1s
falling_20260715_141918_20hz,data/staging/20260731_rebuild01/cleaned_csv/falling_20260715_141918_20hz.csv,fall,3,4,60,13,73,0.65,3.65,2.15,2.65,3.65,1.5,1.0,1.0,0,0,60,high,none,impact_plus_1s
falling_20260715_141936_20hz,data/staging/20260731_rebuild01/cleaned_csv/falling_20260715_141936_20hz.csv,fall,3,2,60,8,68,0.4,3.4,1.3,2.4,3.5,0.9,1.0,1.0,0,0,60,high,none,impact_plus_1s
falling_20260715_142008_20hz,data/staging/20260731_rebuild01/cleaned_csv/falling_20260715_142008_20hz.csv,fall,3,3,60,39,99,1.95,4.95,2.35,3.95,4.4,0.40000000000000013,1.0,0.9500000000000002,0,1,59,high,none,impact_plus_1s
falling_20260715_142031_20hz,data/staging/20260731_rebuild01/cleaned_csv/falling_20260715_142031_20hz.csv,fall,3,4,60,0,60,0.0,3.0,0.9,2.0,3.1,0.9,1.0,1.0,0,0,60,high,none,impact_plus_1s
falling_20260715_142055_20hz,data/staging/20260731_rebuild01/cleaned_csv/falling_20260715_142055_20hz.csv,fall,3,2,60,55,115,2.75,5.75,2.85,4.75,4.95,0.10000000000000009,1.0,0.25,0,15,45,medium,event_near_recording_boundary;missing_post_event_stability;weak_height_evidence,impact_plus_1s
falling_20260715_142152_20hz,data/staging/20260731_rebuild01/cleaned_csv/falling_20260715_142152_20hz.csv,fall,3,3,60,-27,33,-1.35,1.65,0.25,0.65,1.2,1.6,1.0,1.0,27,0,33,medium,geometry_edge_warning,impact_plus_1s
falling_20260715_142600_20hz,data/staging/20260731_rebuild01/cleaned_csv/falling_20260715_142600_20hz.csv,fall,3,4,60,37,97,1.85,4.85,2.2,3.85,4.35,0.3500000000000001,1.0,0.8999999999999999,0,2,58,medium,geometry_edge_warning,impact_plus_1s
falling_20260715_142652_20hz,data/staging/20260731_rebuild01/cleaned_csv/falling_20260715_142652_20hz.csv,fall,3,1,60,12,72,0.6,3.6,1.5,2.6,3.7,0.9,1.0,1.0,0,0,60,medium,geometry_edge_warning,impact_plus_1s
falling_20260715_142728_20hz,data/staging/20260731_rebuild01/cleaned_csv/falling_20260715_142728_20hz.csv,fall,3,1,60,14,74,0.7,3.7,1.6,2.7,3.8,0.9000000000000001,1.0,1.0,0,0,60,medium,geometry_edge_warning,impact_plus_1s
falling_20260715_142807_20hz,data/staging/20260731_rebuild01/cleaned_csv/falling_20260715_142807_20hz.csv,fall,3,2,60,10,70,0.5,3.5,1.4,2.5,3.6,0.8999999999999999,1.0,1.0,0,0,60,medium,geometry_edge_warning,impact_plus_1s
falling_20260715_142944_20hz,data/staging/20260731_rebuild01/cleaned_csv/falling_20260715_142944_20hz.csv,fall,3,3,60,-19,41,-0.95,2.05,0.6,1.05,1.65,1.5499999999999998,1.0,1.0,19,0,41,medium,geometry_edge_warning;multiple_or_broad_peaks,impact_plus_1s
falling_20260715_143008_20hz,data/staging/20260731_rebuild01/cleaned_csv/falling_20260715_143008_20hz.csv,fall,3,1,60,-3,57,-0.15,2.85,0.75,1.85,2.95,0.9,1.0,1.0,3,0,57,medium,geometry_edge_warning;multiple_or_broad_peaks,impact_plus_1s
falling_20260715_143227_20hz,data/staging/20260731_rebuild01/cleaned_csv/falling_20260715_143227_20hz.csv,fall,3,2,60,14,74,0.7,3.7,2.2,2.7,3.2,1.5000000000000002,1.0,1.0,0,0,60,high,none,impact_plus_1s
falling_20260715_143326_20hz,data/staging/20260731_rebuild01/cleaned_csv/falling_20260715_143326_20hz.csv,fall,3,3,60,28,88,1.4,4.4,2.85,3.4,4.15,1.4500000000000002,1.0,0.8000000000000003,0,4,56,medium,event_near_recording_boundary;missing_post_event_stability;weak_height_evidence,impact_plus_1s
falling_20260715_143341_20hz,data/staging/20260731_rebuild01/cleaned_csv/falling_20260715_143341_20hz.csv,fall,3,4,60,17,77,0.85,3.85,1.75,2.85,3.25,0.9,1.0,0.44999999999999973,0,11,49,medium,event_near_recording_boundary;missing_post_event_stability;weak_height_evidence,impact_plus_1s
falling_20260715_143405_20hz,data/staging/20260731_rebuild01/cleaned_csv/falling_20260715_143405_20hz.csv,fall,3,1,60,21,81,1.05,4.05,2.55,3.05,3.6,1.4999999999999998,1.0,0.6000000000000001,0,8,52,medium,event_near_recording_boundary;missing_post_event_stability;weak_height_evidence,impact_plus_1s
falling_20260715_143422_20hz,data/staging/20260731_rebuild01/cleaned_csv/falling_20260715_143422_20hz.csv,fall,3,3,60,11,71,0.55,3.55,2.1,2.55,3.55,1.55,1.0,1.0,0,0,60,medium,geometry_edge_warning,impact_plus_1s
falling_20260717_140851_20hz,data/staging/20260731_rebuild01/cleaned_csv/falling_20260717_140851_20hz.csv,fall,3,2,60,-1,59,-0.05,2.95,0.85,1.95,3.05,0.9,1.0,1.0,1,0,59,medium,geometry_edge_warning;multiple_or_broad_peaks,impact_plus_1s
falling_20260717_140959_20hz,data/staging/20260731_rebuild01/cleaned_csv/falling_20260717_140959_20hz.csv,fall,3,4,60,1,61,0.05,3.05,0.95,2.05,3.15,0.8999999999999999,1.0,1.0,0,0,60,medium,geometry_edge_warning,impact_plus_1s
falling_20260717_141137_20hz,data/staging/20260731_rebuild01/cleaned_csv/falling_20260717_141137_20hz.csv,fall,3,1,60,-1,59,-0.05,2.95,0.85,1.95,3.05,0.9,1.0,1.0,1,0,59,medium,geometry_edge_warning,impact_plus_1s
falling_20260717_141220_20hz,data/staging/20260731_rebuild01/cleaned_csv/falling_20260717_141220_20hz.csv,fall,3,2,60,-7,53,-0.35,2.65,0.55,1.65,2.75,0.9,1.0,1.0,7,0,53,medium,geometry_edge_warning,impact_plus_1s
falling_20260717_141339_20hz,data/staging/20260731_rebuild01/cleaned_csv/falling_20260717_141339_20hz.csv,fall,3,3,60,14,74,0.7,3.7,1.6,2.7,3.4,0.9000000000000001,1.0,0.75,0,5,55,medium,event_near_recording_boundary;missing_post_event_stability;weak_height_evidence,impact_plus_1s
falling_20260717_141634_20hz,data/staging/20260731_rebuild01/cleaned_csv/falling_20260717_141634_20hz.csv,fall,3,4,60,-12,48,-0.6,2.4,0.3,1.4,2.5,0.8999999999999999,1.0,1.0,12,0,48,medium,geometry_edge_warning,impact_plus_1s
falling_20260717_141837_20hz,data/staging/20260731_rebuild01/cleaned_csv/falling_20260717_141837_20hz.csv,fall,3,1,60,24,84,1.2,4.2,2.1,3.2,4.3,0.9000000000000001,1.0,1.0,0,0,60,medium,geometry_edge_warning;weak_height_evidence,impact_plus_1s
falling_20260717_142021_20hz,data/staging/20260731_rebuild01/cleaned_csv/falling_20260717_142021_20hz.csv,fall,3,3,60,-10,50,-0.5,2.5,0.4,1.5,2.6,0.9,1.0,1.0,10,0,50,medium,geometry_edge_warning,impact_plus_1s
falling_20260717_142033_20hz,data/staging/20260731_rebuild01/cleaned_csv/falling_20260717_142033_20hz.csv,fall,3,4,60,-24,36,-1.2,1.8,0.3,0.8,1.3,1.5,1.0,1.0,24,0,36,medium,geometry_edge_warning,impact_plus_1s
falling_20260717_142102_20hz,data/staging/20260731_rebuild01/cleaned_csv/falling_20260717_142102_20hz.csv,fall,3,1,60,12,72,0.6,3.6,1.5,2.6,3.7,0.9,1.0,1.0,0,0,60,medium,geometry_edge_warning;multiple_or_broad_peaks,impact_plus_1s
falling_20260717_142243_20hz,data/staging/20260731_rebuild01/cleaned_csv/falling_20260717_142243_20hz.csv,fall,3,2,60,-25,35,-1.25,1.75,0.45,0.75,2.1,1.7,1.0,1.0,25,0,35,high,none,impact_plus_1s
falling_20260717_142341_20hz,data/staging/20260731_rebuild01/cleaned_csv/falling_20260717_142341_20hz.csv,fall,3,3,60,-18,42,-0.9,2.1,0.55,1.1,2.1,1.4500000000000002,1.0,1.0,18,0,42,medium,geometry_edge_warning,impact_plus_1s
falling_20260717_142423_20hz,data/staging/20260731_rebuild01/cleaned_csv/falling_20260717_142423_20hz.csv,fall,3,4,60,7,67,0.35,3.35,0.7,2.35,2.7,0.35,1.0,1.0,0,0,60,medium,geometry_edge_warning,impact_plus_1s
falling_20260717_142618_20hz,data/staging/20260731_rebuild01/cleaned_csv/falling_20260717_142618_20hz.csv,fall,3,1,60,-5,55,-0.25,2.75,0.65,1.75,2.85,0.9,1.0,1.0,5,0,55,medium,geometry_edge_warning;multiple_or_broad_peaks,impact_plus_1s
falling_20260717_142754_20hz,data/staging/20260731_rebuild01/cleaned_csv/falling_20260717_142754_20hz.csv,fall,3,2,60,-15,45,-0.75,2.25,0.5,1.25,2.25,1.25,1.0,1.0,15,0,45,medium,geometry_edge_warning,impact_plus_1s
falling_20260717_142808_20hz,data/staging/20260731_rebuild01/cleaned_csv/falling_20260717_142808_20hz.csv,fall,3,3,60,1,61,0.05,3.05,0.95,2.05,3.15,0.8999999999999999,1.0,1.0,0,0,60,medium,geometry_edge_warning,impact_plus_1s
falling_20260717_142825_20hz,data/staging/20260731_rebuild01/cleaned_csv/falling_20260717_142825_20hz.csv,fall,3,3,60,47,107,2.35,5.35,3.15,4.35,4.75,0.7999999999999998,1.0,0.4500000000000002,0,11,49,medium,event_near_recording_boundary;geometry_edge_warning;missing_post_event_stability;weak_height_evidence,impact_plus_1s
falling_20260717_143032_20hz,data/staging/20260731_rebuild01/cleaned_csv/falling_20260717_143032_20hz.csv,fall,3,4,60,-36,24,-1.8,1.2,0.0,0.2,0.8,1.8,1.0,1.0,36,0,24,medium,event_near_recording_boundary;weak_height_evidence,impact_plus_1s
falling_20260717_143219_20hz,data/staging/20260731_rebuild01/cleaned_csv/falling_20260717_143219_20hz.csv,fall,3,2,60,-3,57,-0.15,2.85,0.75,1.85,2.95,0.9,1.0,1.0,3,0,57,medium,geometry_edge_warning,impact_plus_1s
falling_20260717_143235_20hz,data/staging/20260731_rebuild01/cleaned_csv/falling_20260717_143235_20hz.csv,fall,3,1,60,1,61,0.05,3.05,0.95,2.05,3.15,0.8999999999999999,1.0,1.0,0,0,60,medium,geometry_edge_warning;multiple_or_broad_peaks,impact_plus_1s
falling_20260717_144138_20hz,data/staging/20260731_rebuild01/cleaned_csv/falling_20260717_144138_20hz.csv,fall,3,3,60,26,86,1.3,4.3,2.2,3.3,4.4,0.9000000000000001,1.0,1.0,0,0,60,medium,geometry_edge_warning;multiple_or_broad_peaks,impact_plus_1s
falling_20260717_144308_20hz,data/staging/20260731_rebuild01/cleaned_csv/falling_20260717_144308_20hz.csv,fall,3,4,60,8,68,0.4,3.4,1.05,2.4,2.85,0.65,1.0,1.0,0,0,60,medium,geometry_edge_warning;multiple_or_broad_peaks,impact_plus_1s
sitting_20260714_132627_20hz,data/staging/20260731_rebuild01/cleaned_csv/sitting_20260714_132627_20hz.csv,sitting,2,1,60,15,75,0.75,3.75,,,,,,,0,0,60,,,sha256_seed42_stride15
sitting_20260714_132742_20hz,data/staging/20260731_rebuild01/cleaned_csv/sitting_20260714_132742_20hz.csv,sitting,2,2,60,0,60,0.0,3.0,,,,,,,0,0,60,,,sha256_seed42_stride15
sitting_20260714_132755_20hz,data/staging/20260731_rebuild01/cleaned_csv/sitting_20260714_132755_20hz.csv,sitting,2,4,60,0,60,0.0,3.0,,,,,,,0,0,60,,,sha256_seed42_stride15
sitting_20260714_132815_20hz,data/staging/20260731_rebuild01/cleaned_csv/sitting_20260714_132815_20hz.csv,sitting,2,1,60,15,75,0.75,3.75,,,,,,,0,0,60,,,sha256_seed42_stride15
sitting_20260714_132832_20hz,data/staging/20260731_rebuild01/cleaned_csv/sitting_20260714_132832_20hz.csv,sitting,2,2,60,15,75,0.75,3.75,,,,,,,0,0,60,,,sha256_seed42_stride15
sitting_20260714_132843_20hz,data/staging/20260731_rebuild01/cleaned_csv/sitting_20260714_132843_20hz.csv,sitting,2,4,60,0,60,0.0,3.0,,,,,,,0,0,60,,,sha256_seed42_stride15
sitting_20260714_132855_20hz,data/staging/20260731_rebuild01/cleaned_csv/sitting_20260714_132855_20hz.csv,sitting,2,4,60,30,90,1.5,4.5,,,,,,,0,0,60,,,sha256_seed42_stride15
sitting_20260714_132908_20hz,data/staging/20260731_rebuild01/cleaned_csv/sitting_20260714_132908_20hz.csv,sitting,2,3,60,0,60,0.0,3.0,,,,,,,0,0,60,,,sha256_seed42_stride15
sitting_20260714_132919_20hz,data/staging/20260731_rebuild01/cleaned_csv/sitting_20260714_132919_20hz.csv,sitting,2,1,60,15,75,0.75,3.75,,,,,,,0,0,60,,,sha256_seed42_stride15
sitting_20260714_132930_20hz,data/staging/20260731_rebuild01/cleaned_csv/sitting_20260714_132930_20hz.csv,sitting,2,2,60,0,60,0.0,3.0,,,,,,,0,0,60,,,sha256_seed42_stride15
sitting_20260714_133248_20hz,data/staging/20260731_rebuild01/cleaned_csv/sitting_20260714_133248_20hz.csv,sitting,2,2,60,30,90,1.5,4.5,,,,,,,0,0,60,,,sha256_seed42_stride15
sitting_20260714_133300_20hz,data/staging/20260731_rebuild01/cleaned_csv/sitting_20260714_133300_20hz.csv,sitting,2,3,60,0,60,0.0,3.0,,,,,,,0,0,60,,,sha256_seed42_stride15
sitting_20260714_133310_20hz,data/staging/20260731_rebuild01/cleaned_csv/sitting_20260714_133310_20hz.csv,sitting,2,3,60,30,90,1.5,4.5,,,,,,,0,0,60,,,sha256_seed42_stride15
sitting_20260714_133320_20hz,data/staging/20260731_rebuild01/cleaned_csv/sitting_20260714_133320_20hz.csv,sitting,2,3,60,15,75,0.75,3.75,,,,,,,0,0,60,,,sha256_seed42_stride15
sitting_20260714_133331_20hz,data/staging/20260731_rebuild01/cleaned_csv/sitting_20260714_133331_20hz.csv,sitting,2,4,60,15,75,0.75,3.75,,,,,,,0,0,60,,,sha256_seed42_stride15
sitting_20260714_133341_20hz,data/staging/20260731_rebuild01/cleaned_csv/sitting_20260714_133341_20hz.csv,sitting,2,3,60,30,90,1.5,4.5,,,,,,,0,0,60,,,sha256_seed42_stride15
sitting_20260714_133400_20hz,data/staging/20260731_rebuild01/cleaned_csv/sitting_20260714_133400_20hz.csv,sitting,2,1,60,30,90,1.5,4.5,,,,,,,0,0,60,,,sha256_seed42_stride15
sitting_20260714_133416_20hz,data/staging/20260731_rebuild01/cleaned_csv/sitting_20260714_133416_20hz.csv,sitting,2,4,60,0,60,0.0,3.0,,,,,,,0,0,60,,,sha256_seed42_stride15
sitting_20260714_133425_20hz,data/staging/20260731_rebuild01/cleaned_csv/sitting_20260714_133425_20hz.csv,sitting,2,1,60,0,60,0.0,3.0,,,,,,,0,0,60,,,sha256_seed42_stride15
sitting_20260714_133632_20hz,data/staging/20260731_rebuild01/cleaned_csv/sitting_20260714_133632_20hz.csv,sitting,2,2,60,30,90,1.5,4.5,,,,,,,0,0,60,,,sha256_seed42_stride15
sitting_20260714_133641_20hz,data/staging/20260731_rebuild01/cleaned_csv/sitting_20260714_133641_20hz.csv,sitting,2,4,60,0,60,0.0,3.0,,,,,,,0,0,60,,,sha256_seed42_stride15
sitting_20260714_133652_20hz,data/staging/20260731_rebuild01/cleaned_csv/sitting_20260714_133652_20hz.csv,sitting,2,3,60,15,75,0.75,3.75,,,,,,,0,0,60,,,sha256_seed42_stride15
sitting_20260714_133702_20hz,data/staging/20260731_rebuild01/cleaned_csv/sitting_20260714_133702_20hz.csv,sitting,2,2,60,15,75,0.75,3.75,,,,,,,0,0,60,,,sha256_seed42_stride15
sitting_20260714_133712_20hz,data/staging/20260731_rebuild01/cleaned_csv/sitting_20260714_133712_20hz.csv,sitting,2,1,60,0,60,0.0,3.0,,,,,,,0,0,60,,,sha256_seed42_stride15
sitting_20260714_133722_20hz,data/staging/20260731_rebuild01/cleaned_csv/sitting_20260714_133722_20hz.csv,sitting,2,3,60,0,60,0.0,3.0,,,,,,,0,0,60,,,sha256_seed42_stride15
sitting_20260714_133732_20hz,data/staging/20260731_rebuild01/cleaned_csv/sitting_20260714_133732_20hz.csv,sitting,2,1,60,0,60,0.0,3.0,,,,,,,0,0,60,,,sha256_seed42_stride15
sitting_20260714_133750_20hz,data/staging/20260731_rebuild01/cleaned_csv/sitting_20260714_133750_20hz.csv,sitting,2,1,60,15,75,0.75,3.75,,,,,,,0,0,60,,,sha256_seed42_stride15
sitting_20260714_133800_20hz,data/staging/20260731_rebuild01/cleaned_csv/sitting_20260714_133800_20hz.csv,sitting,2,4,60,0,60,0.0,3.0,,,,,,,0,0,60,,,sha256_seed42_stride15
sitting_20260714_133810_20hz,data/staging/20260731_rebuild01/cleaned_csv/sitting_20260714_133810_20hz.csv,sitting,2,4,60,15,75,0.75,3.75,,,,,,,0,0,60,,,sha256_seed42_stride15
sitting_20260714_133940_20hz,data/staging/20260731_rebuild01/cleaned_csv/sitting_20260714_133940_20hz.csv,sitting,2,2,60,0,60,0.0,3.0,,,,,,,0,0,60,,,sha256_seed42_stride15
sitting_20260714_134228_20hz,data/staging/20260731_rebuild01/cleaned_csv/sitting_20260714_134228_20hz.csv,sitting,2,4,60,30,90,1.5,4.5,,,,,,,0,0,60,,,sha256_seed42_stride15
sitting_20260714_134237_20hz,data/staging/20260731_rebuild01/cleaned_csv/sitting_20260714_134237_20hz.csv,sitting,2,3,60,30,90,1.5,4.5,,,,,,,0,0,60,,,sha256_seed42_stride15
sitting_20260714_134257_20hz,data/staging/20260731_rebuild01/cleaned_csv/sitting_20260714_134257_20hz.csv,sitting,2,1,60,0,60,0.0,3.0,,,,,,,0,0,60,,,sha256_seed42_stride15
sitting_20260714_134510_20hz,data/staging/20260731_rebuild01/cleaned_csv/sitting_20260714_134510_20hz.csv,sitting,2,2,60,15,75,0.75,3.75,,,,,,,0,0,60,,,sha256_seed42_stride15
sitting_20260714_134524_20hz,data/staging/20260731_rebuild01/cleaned_csv/sitting_20260714_134524_20hz.csv,sitting,2,3,60,15,75,0.75,3.75,,,,,,,0,0,60,,,sha256_seed42_stride15
sitting_20260714_134543_20hz,data/staging/20260731_rebuild01/cleaned_csv/sitting_20260714_134543_20hz.csv,sitting,2,4,60,0,60,0.0,3.0,,,,,,,0,0,60,,,sha256_seed42_stride15
sitting_20260714_134554_20hz,data/staging/20260731_rebuild01/cleaned_csv/sitting_20260714_134554_20hz.csv,sitting,2,1,60,15,75,0.75,3.75,,,,,,,0,0,60,,,sha256_seed42_stride15
sitting_20260714_134637_20hz,data/staging/20260731_rebuild01/cleaned_csv/sitting_20260714_134637_20hz.csv,sitting,2,4,60,15,75,0.75,3.75,,,,,,,0,0,60,,,sha256_seed42_stride15
sitting_20260714_134648_20hz,data/staging/20260731_rebuild01/cleaned_csv/sitting_20260714_134648_20hz.csv,sitting,2,2,60,0,60,0.0,3.0,,,,,,,0,0,60,,,sha256_seed42_stride15
sitting_20260714_134700_20hz,data/staging/20260731_rebuild01/cleaned_csv/sitting_20260714_134700_20hz.csv,sitting,2,3,60,0,60,0.0,3.0,,,,,,,0,0,60,,,sha256_seed42_stride15
sitting_20260714_134718_20hz,data/staging/20260731_rebuild01/cleaned_csv/sitting_20260714_134718_20hz.csv,sitting,2,1,60,0,60,0.0,3.0,,,,,,,0,0,60,,,sha256_seed42_stride15
sitting_20260714_134801_20hz,data/staging/20260731_rebuild01/cleaned_csv/sitting_20260714_134801_20hz.csv,sitting,2,2,60,30,90,1.5,4.5,,,,,,,0,0,60,,,sha256_seed42_stride15
sitting_20260714_134816_20hz,data/staging/20260731_rebuild01/cleaned_csv/sitting_20260714_134816_20hz.csv,sitting,2,4,60,15,75,0.75,3.75,,,,,,,0,0,60,,,sha256_seed42_stride15
sitting_20260714_134827_20hz,data/staging/20260731_rebuild01/cleaned_csv/sitting_20260714_134827_20hz.csv,sitting,2,3,60,0,60,0.0,3.0,,,,,,,0,0,60,,,sha256_seed42_stride15
sitting_20260714_134839_20hz,data/staging/20260731_rebuild01/cleaned_csv/sitting_20260714_134839_20hz.csv,sitting,2,3,60,30,90,1.5,4.5,,,,,,,0,0,60,,,sha256_seed42_stride15
sitting_20260714_134849_20hz,data/staging/20260731_rebuild01/cleaned_csv/sitting_20260714_134849_20hz.csv,sitting,2,1,60,30,90,1.5,4.5,,,,,,,0,0,60,,,sha256_seed42_stride15
sitting_20260714_134900_20hz,data/staging/20260731_rebuild01/cleaned_csv/sitting_20260714_134900_20hz.csv,sitting,2,2,60,30,90,1.5,4.5,,,,,,,0,0,60,,,sha256_seed42_stride15
sitting_20260714_134910_20hz,data/staging/20260731_rebuild01/cleaned_csv/sitting_20260714_134910_20hz.csv,sitting,2,4,60,30,90,1.5,4.5,,,,,,,0,0,60,,,sha256_seed42_stride15
sitting_20260714_134921_20hz,data/staging/20260731_rebuild01/cleaned_csv/sitting_20260714_134921_20hz.csv,sitting,2,4,60,30,90,1.5,4.5,,,,,,,0,0,60,,,sha256_seed42_stride15
sitting_20260714_134931_20hz,data/staging/20260731_rebuild01/cleaned_csv/sitting_20260714_134931_20hz.csv,sitting,2,2,60,15,75,0.75,3.75,,,,,,,0,0,60,,,sha256_seed42_stride15
sitting_20260714_134941_20hz,data/staging/20260731_rebuild01/cleaned_csv/sitting_20260714_134941_20hz.csv,sitting,2,1,60,0,60,0.0,3.0,,,,,,,0,0,60,,,sha256_seed42_stride15
sitting_20260714_135007_20hz,data/staging/20260731_rebuild01/cleaned_csv/sitting_20260714_135007_20hz.csv,sitting,2,4,60,30,90,1.5,4.5,,,,,,,0,0,60,,,sha256_seed42_stride15
sitting_20260714_135038_20hz,data/staging/20260731_rebuild01/cleaned_csv/sitting_20260714_135038_20hz.csv,sitting,2,3,60,0,60,0.0,3.0,,,,,,,0,0,60,,,sha256_seed42_stride15
sitting_20260714_135049_20hz,data/staging/20260731_rebuild01/cleaned_csv/sitting_20260714_135049_20hz.csv,sitting,2,3,60,30,90,1.5,4.5,,,,,,,0,0,60,,,sha256_seed42_stride15
sitting_20260714_135059_20hz,data/staging/20260731_rebuild01/cleaned_csv/sitting_20260714_135059_20hz.csv,sitting,2,4,60,0,60,0.0,3.0,,,,,,,0,0,60,,,sha256_seed42_stride15
sitting_20260714_135211_20hz,data/staging/20260731_rebuild01/cleaned_csv/sitting_20260714_135211_20hz.csv,sitting,2,3,60,15,75,0.75,3.75,,,,,,,0,0,60,,,sha256_seed42_stride15
sitting_20260714_135220_20hz,data/staging/20260731_rebuild01/cleaned_csv/sitting_20260714_135220_20hz.csv,sitting,2,3,60,15,75,0.75,3.75,,,,,,,0,0,60,,,sha256_seed42_stride15
sitting_20260714_135230_20hz,data/staging/20260731_rebuild01/cleaned_csv/sitting_20260714_135230_20hz.csv,sitting,2,1,60,15,75,0.75,3.75,,,,,,,0,0,60,,,sha256_seed42_stride15
sitting_20260714_135240_20hz,data/staging/20260731_rebuild01/cleaned_csv/sitting_20260714_135240_20hz.csv,sitting,2,2,60,15,75,0.75,3.75,,,,,,,0,0,60,,,sha256_seed42_stride15
sitting_20260714_135250_20hz,data/staging/20260731_rebuild01/cleaned_csv/sitting_20260714_135250_20hz.csv,sitting,2,3,60,30,90,1.5,4.5,,,,,,,0,0,60,,,sha256_seed42_stride15
sitting_20260714_135331_20hz,data/staging/20260731_rebuild01/cleaned_csv/sitting_20260714_135331_20hz.csv,sitting,2,1,60,30,90,1.5,4.5,,,,,,,0,0,60,,,sha256_seed42_stride15
sitting_20260714_135345_20hz,data/staging/20260731_rebuild01/cleaned_csv/sitting_20260714_135345_20hz.csv,sitting,2,4,60,0,60,0.0,3.0,,,,,,,0,0,60,,,sha256_seed42_stride15
sitting_20260714_135404_20hz,data/staging/20260731_rebuild01/cleaned_csv/sitting_20260714_135404_20hz.csv,sitting,2,4,60,15,75,0.75,3.75,,,,,,,0,0,60,,,sha256_seed42_stride15
sitting_20260714_135414_20hz,data/staging/20260731_rebuild01/cleaned_csv/sitting_20260714_135414_20hz.csv,sitting,2,1,60,0,60,0.0,3.0,,,,,,,0,0,60,,,sha256_seed42_stride15
sitting_20260714_135432_20hz,data/staging/20260731_rebuild01/cleaned_csv/sitting_20260714_135432_20hz.csv,sitting,2,4,60,0,60,0.0,3.0,,,,,,,0,0,60,,,sha256_seed42_stride15
sitting_20260714_135735_20hz,data/staging/20260731_rebuild01/cleaned_csv/sitting_20260714_135735_20hz.csv,sitting,2,3,60,30,90,1.5,4.5,,,,,,,0,0,60,,,sha256_seed42_stride15
sitting_20260714_135748_20hz,data/staging/20260731_rebuild01/cleaned_csv/sitting_20260714_135748_20hz.csv,sitting,2,2,60,30,90,1.5,4.5,,,,,,,0,0,60,,,sha256_seed42_stride15
sitting_20260714_135758_20hz,data/staging/20260731_rebuild01/cleaned_csv/sitting_20260714_135758_20hz.csv,sitting,2,4,60,0,60,0.0,3.0,,,,,,,0,0,60,,,sha256_seed42_stride15
sitting_20260714_135808_20hz,data/staging/20260731_rebuild01/cleaned_csv/sitting_20260714_135808_20hz.csv,sitting,2,1,60,30,90,1.5,4.5,,,,,,,0,0,60,,,sha256_seed42_stride15
sitting_20260714_135817_20hz,data/staging/20260731_rebuild01/cleaned_csv/sitting_20260714_135817_20hz.csv,sitting,2,4,60,0,60,0.0,3.0,,,,,,,0,0,60,,,sha256_seed42_stride15
sitting_20260714_135830_20hz,data/staging/20260731_rebuild01/cleaned_csv/sitting_20260714_135830_20hz.csv,sitting,2,2,60,0,60,0.0,3.0,,,,,,,0,0,60,,,sha256_seed42_stride15
sitting_20260714_135840_20hz,data/staging/20260731_rebuild01/cleaned_csv/sitting_20260714_135840_20hz.csv,sitting,2,3,60,15,75,0.75,3.75,,,,,,,0,0,60,,,sha256_seed42_stride15
sitting_20260714_135849_20hz,data/staging/20260731_rebuild01/cleaned_csv/sitting_20260714_135849_20hz.csv,sitting,2,4,60,0,60,0.0,3.0,,,,,,,0,0,60,,,sha256_seed42_stride15
sitting_20260714_135858_20hz,data/staging/20260731_rebuild01/cleaned_csv/sitting_20260714_135858_20hz.csv,sitting,2,1,60,15,75,0.75,3.75,,,,,,,0,0,60,,,sha256_seed42_stride15
sitting_20260714_135907_20hz,data/staging/20260731_rebuild01/cleaned_csv/sitting_20260714_135907_20hz.csv,sitting,2,2,60,15,75,0.75,3.75,,,,,,,0,0,60,,,sha256_seed42_stride15
sitting_20260714_135926_20hz,data/staging/20260731_rebuild01/cleaned_csv/sitting_20260714_135926_20hz.csv,sitting,2,2,60,30,90,1.5,4.5,,,,,,,0,0,60,,,sha256_seed42_stride15
sitting_20260714_135936_20hz,data/staging/20260731_rebuild01/cleaned_csv/sitting_20260714_135936_20hz.csv,sitting,2,2,60,30,90,1.5,4.5,,,,,,,0,0,60,,,sha256_seed42_stride15
sitting_20260714_135947_20hz,data/staging/20260731_rebuild01/cleaned_csv/sitting_20260714_135947_20hz.csv,sitting,2,2,60,0,60,0.0,3.0,,,,,,,0,0,60,,,sha256_seed42_stride15
sitting_20260714_135959_20hz,data/staging/20260731_rebuild01/cleaned_csv/sitting_20260714_135959_20hz.csv,sitting,2,3,60,30,90,1.5,4.5,,,,,,,0,0,60,,,sha256_seed42_stride15
sitting_20260714_140015_20hz,data/staging/20260731_rebuild01/cleaned_csv/sitting_20260714_140015_20hz.csv,sitting,2,1,60,30,90,1.5,4.5,,,,,,,0,0,60,,,sha256_seed42_stride15
sitting_20260714_140025_20hz,data/staging/20260731_rebuild01/cleaned_csv/sitting_20260714_140025_20hz.csv,sitting,2,2,60,30,90,1.5,4.5,,,,,,,0,0,60,,,sha256_seed42_stride15
sitting_20260714_140037_20hz,data/staging/20260731_rebuild01/cleaned_csv/sitting_20260714_140037_20hz.csv,sitting,2,4,60,0,60,0.0,3.0,,,,,,,0,0,60,,,sha256_seed42_stride15
sitting_20260714_140047_20hz,data/staging/20260731_rebuild01/cleaned_csv/sitting_20260714_140047_20hz.csv,sitting,2,1,60,15,75,0.75,3.75,,,,,,,0,0,60,,,sha256_seed42_stride15
sitting_20260714_140057_20hz,data/staging/20260731_rebuild01/cleaned_csv/sitting_20260714_140057_20hz.csv,sitting,2,3,60,0,60,0.0,3.0,,,,,,,0,0,60,,,sha256_seed42_stride15
sitting_20260714_140107_20hz,data/staging/20260731_rebuild01/cleaned_csv/sitting_20260714_140107_20hz.csv,sitting,2,4,60,15,75,0.75,3.75,,,,,,,0,0,60,,,sha256_seed42_stride15
sitting_20260714_140129_20hz,data/staging/20260731_rebuild01/cleaned_csv/sitting_20260714_140129_20hz.csv,sitting,2,1,60,30,90,1.5,4.5,,,,,,,0,0,60,,,sha256_seed42_stride15
sitting_20260714_140141_20hz,data/staging/20260731_rebuild01/cleaned_csv/sitting_20260714_140141_20hz.csv,sitting,2,1,60,30,90,1.5,4.5,,,,,,,0,0,60,,,sha256_seed42_stride15
sitting_20260714_140150_20hz,data/staging/20260731_rebuild01/cleaned_csv/sitting_20260714_140150_20hz.csv,sitting,2,2,60,15,75,0.75,3.75,,,,,,,0,0,60,,,sha256_seed42_stride15
sitting_20260714_140200_20hz,data/staging/20260731_rebuild01/cleaned_csv/sitting_20260714_140200_20hz.csv,sitting,2,3,60,15,75,0.75,3.75,,,,,,,0,0,60,,,sha256_seed42_stride15
sitting_20260714_140210_20hz,data/staging/20260731_rebuild01/cleaned_csv/sitting_20260714_140210_20hz.csv,sitting,2,2,60,15,75,0.75,3.75,,,,,,,0,0,60,,,sha256_seed42_stride15
sitting_20260714_140220_20hz,data/staging/20260731_rebuild01/cleaned_csv/sitting_20260714_140220_20hz.csv,sitting,2,4,60,30,90,1.5,4.5,,,,,,,0,0,60,,,sha256_seed42_stride15
sitting_20260714_140230_20hz,data/staging/20260731_rebuild01/cleaned_csv/sitting_20260714_140230_20hz.csv,sitting,2,3,60,0,60,0.0,3.0,,,,,,,0,0,60,,,sha256_seed42_stride15
sitting_20260714_140240_20hz,data/staging/20260731_rebuild01/cleaned_csv/sitting_20260714_140240_20hz.csv,sitting,2,1,60,30,90,1.5,4.5,,,,,,,0,0,60,,,sha256_seed42_stride15
sitting_20260714_140250_20hz,data/staging/20260731_rebuild01/cleaned_csv/sitting_20260714_140250_20hz.csv,sitting,2,3,60,15,75,0.75,3.75,,,,,,,0,0,60,,,sha256_seed42_stride15
sitting_20260714_140302_20hz,data/staging/20260731_rebuild01/cleaned_csv/sitting_20260714_140302_20hz.csv,sitting,2,3,60,0,60,0.0,3.0,,,,,,,0,0,60,,,sha256_seed42_stride15
sitting_20260714_140321_20hz,data/staging/20260731_rebuild01/cleaned_csv/sitting_20260714_140321_20hz.csv,sitting,2,2,60,30,90,1.5,4.5,,,,,,,0,0,60,,,sha256_seed42_stride15
sitting_20260714_140330_20hz,data/staging/20260731_rebuild01/cleaned_csv/sitting_20260714_140330_20hz.csv,sitting,2,2,60,30,90,1.5,4.5,,,,,,,0,0,60,,,sha256_seed42_stride15
sitting_20260714_140340_20hz,data/staging/20260731_rebuild01/cleaned_csv/sitting_20260714_140340_20hz.csv,sitting,2,3,60,0,60,0.0,3.0,,,,,,,0,0,60,,,sha256_seed42_stride15
sitting_20260714_140351_20hz,data/staging/20260731_rebuild01/cleaned_csv/sitting_20260714_140351_20hz.csv,sitting,2,4,60,15,75,0.75,3.75,,,,,,,0,0,60,,,sha256_seed42_stride15
sitting_20260714_140401_20hz,data/staging/20260731_rebuild01/cleaned_csv/sitting_20260714_140401_20hz.csv,sitting,2,1,60,0,60,0.0,3.0,,,,,,,0,0,60,,,sha256_seed42_stride15
sitting_20260716_133939_20hz,data/staging/20260731_rebuild01/cleaned_csv/sitting_20260716_133939_20hz.csv,sitting,2,2,60,30,90,1.5,4.5,,,,,,,0,0,60,,,sha256_seed42_stride15
sitting_20260716_133959_20hz,data/staging/20260731_rebuild01/cleaned_csv/sitting_20260716_133959_20hz.csv,sitting,2,1,60,30,90,1.5,4.5,,,,,,,0,0,60,,,sha256_seed42_stride15
sitting_20260716_134047_20hz,data/staging/20260731_rebuild01/cleaned_csv/sitting_20260716_134047_20hz.csv,sitting,2,1,60,0,60,0.0,3.0,,,,,,,0,0,60,,,sha256_seed42_stride15
sitting_20260716_134100_20hz,data/staging/20260731_rebuild01/cleaned_csv/sitting_20260716_134100_20hz.csv,sitting,2,4,60,15,75,0.75,3.75,,,,,,,0,0,60,,,sha256_seed42_stride15
sitting_20260716_134112_20hz,data/staging/20260731_rebuild01/cleaned_csv/sitting_20260716_134112_20hz.csv,sitting,2,4,60,30,90,1.5,4.5,,,,,,,0,0,60,,,sha256_seed42_stride15
sitting_20260716_134126_20hz,data/staging/20260731_rebuild01/cleaned_csv/sitting_20260716_134126_20hz.csv,sitting,2,1,60,30,90,1.5,4.5,,,,,,,0,0,60,,,sha256_seed42_stride15
sitting_20260716_134226_20hz,data/staging/20260731_rebuild01/cleaned_csv/sitting_20260716_134226_20hz.csv,sitting,2,2,60,0,60,0.0,3.0,,,,,,,0,0,60,,,sha256_seed42_stride15
sitting_20260716_134251_20hz,data/staging/20260731_rebuild01/cleaned_csv/sitting_20260716_134251_20hz.csv,sitting,2,1,60,30,90,1.5,4.5,,,,,,,0,0,60,,,sha256_seed42_stride15
sitting_20260716_134304_20hz,data/staging/20260731_rebuild01/cleaned_csv/sitting_20260716_134304_20hz.csv,sitting,2,3,60,15,75,0.75,3.75,,,,,,,0,0,60,,,sha256_seed42_stride15
sitting_20260716_134319_20hz,data/staging/20260731_rebuild01/cleaned_csv/sitting_20260716_134319_20hz.csv,sitting,2,2,60,30,90,1.5,4.5,,,,,,,0,0,60,,,sha256_seed42_stride15
sitting_20260716_134718_20hz,data/staging/20260731_rebuild01/cleaned_csv/sitting_20260716_134718_20hz.csv,sitting,2,4,60,15,75,0.75,3.75,,,,,,,0,0,60,,,sha256_seed42_stride15
sitting_20260716_134731_20hz,data/staging/20260731_rebuild01/cleaned_csv/sitting_20260716_134731_20hz.csv,sitting,2,3,60,0,60,0.0,3.0,,,,,,,0,0,60,,,sha256_seed42_stride15
sitting_20260716_134755_20hz,data/staging/20260731_rebuild01/cleaned_csv/sitting_20260716_134755_20hz.csv,sitting,2,3,60,0,60,0.0,3.0,,,,,,,0,0,60,,,sha256_seed42_stride15
sitting_20260716_135327_20hz,data/staging/20260731_rebuild01/cleaned_csv/sitting_20260716_135327_20hz.csv,sitting,2,3,60,0,60,0.0,3.0,,,,,,,0,0,60,,,sha256_seed42_stride15
sitting_20260716_135343_20hz,data/staging/20260731_rebuild01/cleaned_csv/sitting_20260716_135343_20hz.csv,sitting,2,1,60,0,60,0.0,3.0,,,,,,,0,0,60,,,sha256_seed42_stride15
sitting_20260716_135400_20hz,data/staging/20260731_rebuild01/cleaned_csv/sitting_20260716_135400_20hz.csv,sitting,2,2,60,30,90,1.5,4.5,,,,,,,0,0,60,,,sha256_seed42_stride15
sitting_20260716_135429_20hz,data/staging/20260731_rebuild01/cleaned_csv/sitting_20260716_135429_20hz.csv,sitting,2,4,60,0,60,0.0,3.0,,,,,,,0,0,60,,,sha256_seed42_stride15
sitting_20260716_135442_20hz,data/staging/20260731_rebuild01/cleaned_csv/sitting_20260716_135442_20hz.csv,sitting,2,4,60,30,90,1.5,4.5,,,,,,,0,0,60,,,sha256_seed42_stride15
sitting_20260716_135459_20hz,data/staging/20260731_rebuild01/cleaned_csv/sitting_20260716_135459_20hz.csv,sitting,2,3,60,30,90,1.5,4.5,,,,,,,0,0,60,,,sha256_seed42_stride15
sitting_20260716_135514_20hz,data/staging/20260731_rebuild01/cleaned_csv/sitting_20260716_135514_20hz.csv,sitting,2,2,60,30,90,1.5,4.5,,,,,,,0,0,60,,,sha256_seed42_stride15
sitting_20260716_135527_20hz,data/staging/20260731_rebuild01/cleaned_csv/sitting_20260716_135527_20hz.csv,sitting,2,1,60,30,90,1.5,4.5,,,,,,,0,0,60,,,sha256_seed42_stride15
sitting_20260716_135540_20hz,data/staging/20260731_rebuild01/cleaned_csv/sitting_20260716_135540_20hz.csv,sitting,2,2,60,30,90,1.5,4.5,,,,,,,0,0,60,,,sha256_seed42_stride15
sitting_20260716_135600_20hz,data/staging/20260731_rebuild01/cleaned_csv/sitting_20260716_135600_20hz.csv,sitting,2,1,60,30,90,1.5,4.5,,,,,,,0,0,60,,,sha256_seed42_stride15
sitting_20260716_135616_20hz,data/staging/20260731_rebuild01/cleaned_csv/sitting_20260716_135616_20hz.csv,sitting,2,2,60,15,75,0.75,3.75,,,,,,,0,0,60,,,sha256_seed42_stride15
sitting_20260716_135641_20hz,data/staging/20260731_rebuild01/cleaned_csv/sitting_20260716_135641_20hz.csv,sitting,2,3,60,15,75,0.75,3.75,,,,,,,0,0,60,,,sha256_seed42_stride15
sitting_20260716_135811_20hz,data/staging/20260731_rebuild01/cleaned_csv/sitting_20260716_135811_20hz.csv,sitting,2,4,60,0,60,0.0,3.0,,,,,,,0,0,60,,,sha256_seed42_stride15
sitting_20260716_135823_20hz,data/staging/20260731_rebuild01/cleaned_csv/sitting_20260716_135823_20hz.csv,sitting,2,4,60,15,75,0.75,3.75,,,,,,,0,0,60,,,sha256_seed42_stride15
sitting_20260716_135835_20hz,data/staging/20260731_rebuild01/cleaned_csv/sitting_20260716_135835_20hz.csv,sitting,2,2,60,30,90,1.5,4.5,,,,,,,0,0,60,,,sha256_seed42_stride15
sitting_20260716_135848_20hz,data/staging/20260731_rebuild01/cleaned_csv/sitting_20260716_135848_20hz.csv,sitting,2,1,60,15,75,0.75,3.75,,,,,,,0,0,60,,,sha256_seed42_stride15
sitting_20260716_140239_20hz,data/staging/20260731_rebuild01/cleaned_csv/sitting_20260716_140239_20hz.csv,sitting,2,1,60,15,75,0.75,3.75,,,,,,,0,0,60,,,sha256_seed42_stride15
sitting_20260716_140258_20hz,data/staging/20260731_rebuild01/cleaned_csv/sitting_20260716_140258_20hz.csv,sitting,2,3,60,30,90,1.5,4.5,,,,,,,0,0,60,,,sha256_seed42_stride15
sitting_20260716_140312_20hz,data/staging/20260731_rebuild01/cleaned_csv/sitting_20260716_140312_20hz.csv,sitting,2,4,60,15,75,0.75,3.75,,,,,,,0,0,60,,,sha256_seed42_stride15
sitting_20260716_140326_20hz,data/staging/20260731_rebuild01/cleaned_csv/sitting_20260716_140326_20hz.csv,sitting,2,1,60,0,60,0.0,3.0,,,,,,,0,0,60,,,sha256_seed42_stride15
sitting_20260716_140345_20hz,data/staging/20260731_rebuild01/cleaned_csv/sitting_20260716_140345_20hz.csv,sitting,2,4,60,30,90,1.5,4.5,,,,,,,0,0,60,,,sha256_seed42_stride15
sitting_20260716_140410_20hz,data/staging/20260731_rebuild01/cleaned_csv/sitting_20260716_140410_20hz.csv,sitting,2,2,60,0,60,0.0,3.0,,,,,,,0,0,60,,,sha256_seed42_stride15
standing_20260714_140445_20hz,data/staging/20260731_rebuild01/cleaned_csv/standing_20260714_140445_20hz.csv,standing,1,3,60,0,60,0.0,3.0,,,,,,,0,0,60,,,sha256_seed42_stride15
standing_20260714_140527_20hz,data/staging/20260731_rebuild01/cleaned_csv/standing_20260714_140527_20hz.csv,standing,1,1,60,15,75,0.75,3.75,,,,,,,0,0,60,,,sha256_seed42_stride15
standing_20260714_140537_20hz,data/staging/20260731_rebuild01/cleaned_csv/standing_20260714_140537_20hz.csv,standing,1,2,60,15,75,0.75,3.75,,,,,,,0,0,60,,,sha256_seed42_stride15
standing_20260714_140547_20hz,data/staging/20260731_rebuild01/cleaned_csv/standing_20260714_140547_20hz.csv,standing,1,2,60,15,75,0.75,3.75,,,,,,,0,0,60,,,sha256_seed42_stride15
standing_20260714_140556_20hz,data/staging/20260731_rebuild01/cleaned_csv/standing_20260714_140556_20hz.csv,standing,1,3,60,15,75,0.75,3.75,,,,,,,0,0,60,,,sha256_seed42_stride15
standing_20260714_140605_20hz,data/staging/20260731_rebuild01/cleaned_csv/standing_20260714_140605_20hz.csv,standing,1,4,60,15,75,0.75,3.75,,,,,,,0,0,60,,,sha256_seed42_stride15
standing_20260714_140614_20hz,data/staging/20260731_rebuild01/cleaned_csv/standing_20260714_140614_20hz.csv,standing,1,1,60,30,90,1.5,4.5,,,,,,,0,0,60,,,sha256_seed42_stride15
standing_20260714_140624_20hz,data/staging/20260731_rebuild01/cleaned_csv/standing_20260714_140624_20hz.csv,standing,1,3,60,30,90,1.5,4.5,,,,,,,0,0,60,,,sha256_seed42_stride15
standing_20260714_140637_20hz,data/staging/20260731_rebuild01/cleaned_csv/standing_20260714_140637_20hz.csv,standing,1,4,60,30,90,1.5,4.5,,,,,,,0,0,60,,,sha256_seed42_stride15
standing_20260714_140646_20hz,data/staging/20260731_rebuild01/cleaned_csv/standing_20260714_140646_20hz.csv,standing,1,2,60,30,90,1.5,4.5,,,,,,,0,0,60,,,sha256_seed42_stride15
standing_20260714_140727_20hz,data/staging/20260731_rebuild01/cleaned_csv/standing_20260714_140727_20hz.csv,standing,1,3,60,0,60,0.0,3.0,,,,,,,0,0,60,,,sha256_seed42_stride15
standing_20260714_140736_20hz,data/staging/20260731_rebuild01/cleaned_csv/standing_20260714_140736_20hz.csv,standing,1,4,60,30,90,1.5,4.5,,,,,,,0,0,60,,,sha256_seed42_stride15
standing_20260714_140745_20hz,data/staging/20260731_rebuild01/cleaned_csv/standing_20260714_140745_20hz.csv,standing,1,1,60,15,75,0.75,3.75,,,,,,,0,0,60,,,sha256_seed42_stride15
standing_20260714_140754_20hz,data/staging/20260731_rebuild01/cleaned_csv/standing_20260714_140754_20hz.csv,standing,1,2,60,30,90,1.5,4.5,,,,,,,0,0,60,,,sha256_seed42_stride15
standing_20260714_140805_20hz,data/staging/20260731_rebuild01/cleaned_csv/standing_20260714_140805_20hz.csv,standing,1,1,60,0,60,0.0,3.0,,,,,,,0,0,60,,,sha256_seed42_stride15
standing_20260714_140814_20hz,data/staging/20260731_rebuild01/cleaned_csv/standing_20260714_140814_20hz.csv,standing,1,3,60,0,60,0.0,3.0,,,,,,,0,0,60,,,sha256_seed42_stride15
standing_20260714_140823_20hz,data/staging/20260731_rebuild01/cleaned_csv/standing_20260714_140823_20hz.csv,standing,1,3,60,30,90,1.5,4.5,,,,,,,0,0,60,,,sha256_seed42_stride15
standing_20260714_140832_20hz,data/staging/20260731_rebuild01/cleaned_csv/standing_20260714_140832_20hz.csv,standing,1,4,60,15,75,0.75,3.75,,,,,,,0,0,60,,,sha256_seed42_stride15
standing_20260714_140841_20hz,data/staging/20260731_rebuild01/cleaned_csv/standing_20260714_140841_20hz.csv,standing,1,1,60,15,75,0.75,3.75,,,,,,,0,0,60,,,sha256_seed42_stride15
standing_20260714_140853_20hz,data/staging/20260731_rebuild01/cleaned_csv/standing_20260714_140853_20hz.csv,standing,1,4,60,15,75,0.75,3.75,,,,,,,0,0,60,,,sha256_seed42_stride15
standing_20260714_140910_20hz,data/staging/20260731_rebuild01/cleaned_csv/standing_20260714_140910_20hz.csv,standing,1,2,60,15,75,0.75,3.75,,,,,,,0,0,60,,,sha256_seed42_stride15
standing_20260714_140922_20hz,data/staging/20260731_rebuild01/cleaned_csv/standing_20260714_140922_20hz.csv,standing,1,4,60,15,75,0.75,3.75,,,,,,,0,0,60,,,sha256_seed42_stride15
standing_20260714_140936_20hz,data/staging/20260731_rebuild01/cleaned_csv/standing_20260714_140936_20hz.csv,standing,1,1,60,30,90,1.5,4.5,,,,,,,0,0,60,,,sha256_seed42_stride15
standing_20260714_140947_20hz,data/staging/20260731_rebuild01/cleaned_csv/standing_20260714_140947_20hz.csv,standing,1,2,60,30,90,1.5,4.5,,,,,,,0,0,60,,,sha256_seed42_stride15
standing_20260714_140957_20hz,data/staging/20260731_rebuild01/cleaned_csv/standing_20260714_140957_20hz.csv,standing,1,3,60,0,60,0.0,3.0,,,,,,,0,0,60,,,sha256_seed42_stride15
standing_20260714_141006_20hz,data/staging/20260731_rebuild01/cleaned_csv/standing_20260714_141006_20hz.csv,standing,1,3,60,0,60,0.0,3.0,,,,,,,0,0,60,,,sha256_seed42_stride15
standing_20260714_141016_20hz,data/staging/20260731_rebuild01/cleaned_csv/standing_20260714_141016_20hz.csv,standing,1,1,60,0,60,0.0,3.0,,,,,,,0,0,60,,,sha256_seed42_stride15
standing_20260714_141025_20hz,data/staging/20260731_rebuild01/cleaned_csv/standing_20260714_141025_20hz.csv,standing,1,2,60,15,75,0.75,3.75,,,,,,,0,0,60,,,sha256_seed42_stride15
standing_20260714_141034_20hz,data/staging/20260731_rebuild01/cleaned_csv/standing_20260714_141034_20hz.csv,standing,1,2,60,15,75,0.75,3.75,,,,,,,0,0,60,,,sha256_seed42_stride15
standing_20260714_141044_20hz,data/staging/20260731_rebuild01/cleaned_csv/standing_20260714_141044_20hz.csv,standing,1,4,60,0,60,0.0,3.0,,,,,,,0,0,60,,,sha256_seed42_stride15
standing_20260714_141054_20hz,data/staging/20260731_rebuild01/cleaned_csv/standing_20260714_141054_20hz.csv,standing,1,2,60,30,90,1.5,4.5,,,,,,,0,0,60,,,sha256_seed42_stride15
standing_20260714_141104_20hz,data/staging/20260731_rebuild01/cleaned_csv/standing_20260714_141104_20hz.csv,standing,1,1,60,30,90,1.5,4.5,,,,,,,0,0,60,,,sha256_seed42_stride15
standing_20260714_141117_20hz,data/staging/20260731_rebuild01/cleaned_csv/standing_20260714_141117_20hz.csv,standing,1,1,60,15,75,0.75,3.75,,,,,,,0,0,60,,,sha256_seed42_stride15
standing_20260714_141128_20hz,data/staging/20260731_rebuild01/cleaned_csv/standing_20260714_141128_20hz.csv,standing,1,3,60,0,60,0.0,3.0,,,,,,,0,0,60,,,sha256_seed42_stride15
standing_20260714_141137_20hz,data/staging/20260731_rebuild01/cleaned_csv/standing_20260714_141137_20hz.csv,standing,1,4,60,15,75,0.75,3.75,,,,,,,0,0,60,,,sha256_seed42_stride15
standing_20260714_141215_20hz,data/staging/20260731_rebuild01/cleaned_csv/standing_20260714_141215_20hz.csv,standing,1,3,60,15,75,0.75,3.75,,,,,,,0,0,60,,,sha256_seed42_stride15
standing_20260714_141225_20hz,data/staging/20260731_rebuild01/cleaned_csv/standing_20260714_141225_20hz.csv,standing,1,3,60,15,75,0.75,3.75,,,,,,,0,0,60,,,sha256_seed42_stride15
standing_20260714_141234_20hz,data/staging/20260731_rebuild01/cleaned_csv/standing_20260714_141234_20hz.csv,standing,1,1,60,15,75,0.75,3.75,,,,,,,0,0,60,,,sha256_seed42_stride15
standing_20260714_141245_20hz,data/staging/20260731_rebuild01/cleaned_csv/standing_20260714_141245_20hz.csv,standing,1,2,60,0,60,0.0,3.0,,,,,,,0,0,60,,,sha256_seed42_stride15
standing_20260714_141301_20hz,data/staging/20260731_rebuild01/cleaned_csv/standing_20260714_141301_20hz.csv,standing,1,4,60,30,90,1.5,4.5,,,,,,,0,0,60,,,sha256_seed42_stride15
standing_20260714_141311_20hz,data/staging/20260731_rebuild01/cleaned_csv/standing_20260714_141311_20hz.csv,standing,1,2,60,30,90,1.5,4.5,,,,,,,0,0,60,,,sha256_seed42_stride15
standing_20260714_141321_20hz,data/staging/20260731_rebuild01/cleaned_csv/standing_20260714_141321_20hz.csv,standing,1,4,60,30,90,1.5,4.5,,,,,,,0,0,60,,,sha256_seed42_stride15
standing_20260714_141331_20hz,data/staging/20260731_rebuild01/cleaned_csv/standing_20260714_141331_20hz.csv,standing,1,1,60,30,90,1.5,4.5,,,,,,,0,0,60,,,sha256_seed42_stride15
standing_20260714_141341_20hz,data/staging/20260731_rebuild01/cleaned_csv/standing_20260714_141341_20hz.csv,standing,1,1,60,30,90,1.5,4.5,,,,,,,0,0,60,,,sha256_seed42_stride15
standing_20260714_141352_20hz,data/staging/20260731_rebuild01/cleaned_csv/standing_20260714_141352_20hz.csv,standing,1,2,60,15,75,0.75,3.75,,,,,,,0,0,60,,,sha256_seed42_stride15
standing_20260714_141412_20hz,data/staging/20260731_rebuild01/cleaned_csv/standing_20260714_141412_20hz.csv,standing,1,3,60,30,90,1.5,4.5,,,,,,,0,0,60,,,sha256_seed42_stride15
standing_20260714_141427_20hz,data/staging/20260731_rebuild01/cleaned_csv/standing_20260714_141427_20hz.csv,standing,1,1,60,30,90,1.5,4.5,,,,,,,0,0,60,,,sha256_seed42_stride15
standing_20260714_141437_20hz,data/staging/20260731_rebuild01/cleaned_csv/standing_20260714_141437_20hz.csv,standing,1,2,60,30,90,1.5,4.5,,,,,,,0,0,60,,,sha256_seed42_stride15
standing_20260714_141447_20hz,data/staging/20260731_rebuild01/cleaned_csv/standing_20260714_141447_20hz.csv,standing,1,3,60,15,75,0.75,3.75,,,,,,,0,0,60,,,sha256_seed42_stride15
standing_20260714_141457_20hz,data/staging/20260731_rebuild01/cleaned_csv/standing_20260714_141457_20hz.csv,standing,1,2,60,0,60,0.0,3.0,,,,,,,0,0,60,,,sha256_seed42_stride15
standing_20260714_141507_20hz,data/staging/20260731_rebuild01/cleaned_csv/standing_20260714_141507_20hz.csv,standing,1,3,60,0,60,0.0,3.0,,,,,,,0,0,60,,,sha256_seed42_stride15
standing_20260714_141517_20hz,data/staging/20260731_rebuild01/cleaned_csv/standing_20260714_141517_20hz.csv,standing,1,4,60,30,90,1.5,4.5,,,,,,,0,0,60,,,sha256_seed42_stride15
standing_20260714_141528_20hz,data/staging/20260731_rebuild01/cleaned_csv/standing_20260714_141528_20hz.csv,standing,1,1,60,15,75,0.75,3.75,,,,,,,0,0,60,,,sha256_seed42_stride15
standing_20260714_141541_20hz,data/staging/20260731_rebuild01/cleaned_csv/standing_20260714_141541_20hz.csv,standing,1,3,60,30,90,1.5,4.5,,,,,,,0,0,60,,,sha256_seed42_stride15
standing_20260714_141552_20hz,data/staging/20260731_rebuild01/cleaned_csv/standing_20260714_141552_20hz.csv,standing,1,4,60,0,60,0.0,3.0,,,,,,,0,0,60,,,sha256_seed42_stride15
standing_20260714_141607_20hz,data/staging/20260731_rebuild01/cleaned_csv/standing_20260714_141607_20hz.csv,standing,1,1,60,0,60,0.0,3.0,,,,,,,0,0,60,,,sha256_seed42_stride15
standing_20260714_141617_20hz,data/staging/20260731_rebuild01/cleaned_csv/standing_20260714_141617_20hz.csv,standing,1,1,60,0,60,0.0,3.0,,,,,,,0,0,60,,,sha256_seed42_stride15
standing_20260714_141629_20hz,data/staging/20260731_rebuild01/cleaned_csv/standing_20260714_141629_20hz.csv,standing,1,2,60,15,75,0.75,3.75,,,,,,,0,0,60,,,sha256_seed42_stride15
standing_20260714_141641_20hz,data/staging/20260731_rebuild01/cleaned_csv/standing_20260714_141641_20hz.csv,standing,1,3,60,0,60,0.0,3.0,,,,,,,0,0,60,,,sha256_seed42_stride15
standing_20260714_141652_20hz,data/staging/20260731_rebuild01/cleaned_csv/standing_20260714_141652_20hz.csv,standing,1,4,60,15,75,0.75,3.75,,,,,,,0,0,60,,,sha256_seed42_stride15
standing_20260714_141703_20hz,data/staging/20260731_rebuild01/cleaned_csv/standing_20260714_141703_20hz.csv,standing,1,1,60,15,75,0.75,3.75,,,,,,,0,0,60,,,sha256_seed42_stride15
standing_20260714_141714_20hz,data/staging/20260731_rebuild01/cleaned_csv/standing_20260714_141714_20hz.csv,standing,1,1,60,15,75,0.75,3.75,,,,,,,0,0,60,,,sha256_seed42_stride15
standing_20260714_141723_20hz,data/staging/20260731_rebuild01/cleaned_csv/standing_20260714_141723_20hz.csv,standing,1,3,60,0,60,0.0,3.0,,,,,,,0,0,60,,,sha256_seed42_stride15
standing_20260714_141733_20hz,data/staging/20260731_rebuild01/cleaned_csv/standing_20260714_141733_20hz.csv,standing,1,4,60,0,60,0.0,3.0,,,,,,,0,0,60,,,sha256_seed42_stride15
standing_20260714_141742_20hz,data/staging/20260731_rebuild01/cleaned_csv/standing_20260714_141742_20hz.csv,standing,1,2,60,0,60,0.0,3.0,,,,,,,0,0,60,,,sha256_seed42_stride15
standing_20260714_141759_20hz,data/staging/20260731_rebuild01/cleaned_csv/standing_20260714_141759_20hz.csv,standing,1,2,60,0,60,0.0,3.0,,,,,,,0,0,60,,,sha256_seed42_stride15
standing_20260714_141809_20hz,data/staging/20260731_rebuild01/cleaned_csv/standing_20260714_141809_20hz.csv,standing,1,1,60,30,90,1.5,4.5,,,,,,,0,0,60,,,sha256_seed42_stride15
standing_20260714_141819_20hz,data/staging/20260731_rebuild01/cleaned_csv/standing_20260714_141819_20hz.csv,standing,1,3,60,0,60,0.0,3.0,,,,,,,0,0,60,,,sha256_seed42_stride15
standing_20260714_141830_20hz,data/staging/20260731_rebuild01/cleaned_csv/standing_20260714_141830_20hz.csv,standing,1,4,60,0,60,0.0,3.0,,,,,,,0,0,60,,,sha256_seed42_stride15
standing_20260714_141840_20hz,data/staging/20260731_rebuild01/cleaned_csv/standing_20260714_141840_20hz.csv,standing,1,1,60,0,60,0.0,3.0,,,,,,,0,0,60,,,sha256_seed42_stride15
standing_20260714_141935_20hz,data/staging/20260731_rebuild01/cleaned_csv/standing_20260714_141935_20hz.csv,standing,1,3,60,0,60,0.0,3.0,,,,,,,0,0,60,,,sha256_seed42_stride15
standing_20260714_141944_20hz,data/staging/20260731_rebuild01/cleaned_csv/standing_20260714_141944_20hz.csv,standing,1,4,60,30,90,1.5,4.5,,,,,,,0,0,60,,,sha256_seed42_stride15
standing_20260714_141954_20hz,data/staging/20260731_rebuild01/cleaned_csv/standing_20260714_141954_20hz.csv,standing,1,2,60,0,60,0.0,3.0,,,,,,,0,0,60,,,sha256_seed42_stride15
standing_20260714_142003_20hz,data/staging/20260731_rebuild01/cleaned_csv/standing_20260714_142003_20hz.csv,standing,1,1,60,15,75,0.75,3.75,,,,,,,0,0,60,,,sha256_seed42_stride15
standing_20260714_142012_20hz,data/staging/20260731_rebuild01/cleaned_csv/standing_20260714_142012_20hz.csv,standing,1,3,60,30,90,1.5,4.5,,,,,,,0,0,60,,,sha256_seed42_stride15
standing_20260714_142022_20hz,data/staging/20260731_rebuild01/cleaned_csv/standing_20260714_142022_20hz.csv,standing,1,2,60,30,90,1.5,4.5,,,,,,,0,0,60,,,sha256_seed42_stride15
standing_20260714_142031_20hz,data/staging/20260731_rebuild01/cleaned_csv/standing_20260714_142031_20hz.csv,standing,1,4,60,30,90,1.5,4.5,,,,,,,0,0,60,,,sha256_seed42_stride15
standing_20260714_142041_20hz,data/staging/20260731_rebuild01/cleaned_csv/standing_20260714_142041_20hz.csv,standing,1,4,60,0,60,0.0,3.0,,,,,,,0,0,60,,,sha256_seed42_stride15
standing_20260714_142053_20hz,data/staging/20260731_rebuild01/cleaned_csv/standing_20260714_142053_20hz.csv,standing,1,1,60,30,90,1.5,4.5,,,,,,,0,0,60,,,sha256_seed42_stride15
standing_20260714_142104_20hz,data/staging/20260731_rebuild01/cleaned_csv/standing_20260714_142104_20hz.csv,standing,1,2,60,15,75,0.75,3.75,,,,,,,0,0,60,,,sha256_seed42_stride15
standing_20260714_142117_20hz,data/staging/20260731_rebuild01/cleaned_csv/standing_20260714_142117_20hz.csv,standing,1,3,60,0,60,0.0,3.0,,,,,,,0,0,60,,,sha256_seed42_stride15
standing_20260714_142132_20hz,data/staging/20260731_rebuild01/cleaned_csv/standing_20260714_142132_20hz.csv,standing,1,4,60,0,60,0.0,3.0,,,,,,,0,0,60,,,sha256_seed42_stride15
standing_20260714_142142_20hz,data/staging/20260731_rebuild01/cleaned_csv/standing_20260714_142142_20hz.csv,standing,1,2,60,0,60,0.0,3.0,,,,,,,0,0,60,,,sha256_seed42_stride15
standing_20260714_142153_20hz,data/staging/20260731_rebuild01/cleaned_csv/standing_20260714_142153_20hz.csv,standing,1,1,60,0,60,0.0,3.0,,,,,,,0,0,60,,,sha256_seed42_stride15
standing_20260714_142204_20hz,data/staging/20260731_rebuild01/cleaned_csv/standing_20260714_142204_20hz.csv,standing,1,4,60,15,75,0.75,3.75,,,,,,,0,0,60,,,sha256_seed42_stride15
standing_20260714_142214_20hz,data/staging/20260731_rebuild01/cleaned_csv/standing_20260714_142214_20hz.csv,standing,1,3,60,0,60,0.0,3.0,,,,,,,0,0,60,,,sha256_seed42_stride15
standing_20260714_142226_20hz,data/staging/20260731_rebuild01/cleaned_csv/standing_20260714_142226_20hz.csv,standing,1,3,60,0,60,0.0,3.0,,,,,,,0,0,60,,,sha256_seed42_stride15
standing_20260714_142236_20hz,data/staging/20260731_rebuild01/cleaned_csv/standing_20260714_142236_20hz.csv,standing,1,1,60,15,75,0.75,3.75,,,,,,,0,0,60,,,sha256_seed42_stride15
standing_20260714_142247_20hz,data/staging/20260731_rebuild01/cleaned_csv/standing_20260714_142247_20hz.csv,standing,1,2,60,30,90,1.5,4.5,,,,,,,0,0,60,,,sha256_seed42_stride15
standing_20260714_142258_20hz,data/staging/20260731_rebuild01/cleaned_csv/standing_20260714_142258_20hz.csv,standing,1,4,60,30,90,1.5,4.5,,,,,,,0,0,60,,,sha256_seed42_stride15
standing_20260714_142312_20hz,data/staging/20260731_rebuild01/cleaned_csv/standing_20260714_142312_20hz.csv,standing,1,3,60,0,60,0.0,3.0,,,,,,,0,0,60,,,sha256_seed42_stride15
standing_20260714_142322_20hz,data/staging/20260731_rebuild01/cleaned_csv/standing_20260714_142322_20hz.csv,standing,1,1,60,15,75,0.75,3.75,,,,,,,0,0,60,,,sha256_seed42_stride15
standing_20260714_142342_20hz,data/staging/20260731_rebuild01/cleaned_csv/standing_20260714_142342_20hz.csv,standing,1,2,60,0,60,0.0,3.0,,,,,,,0,0,60,,,sha256_seed42_stride15
standing_20260714_142351_20hz,data/staging/20260731_rebuild01/cleaned_csv/standing_20260714_142351_20hz.csv,standing,1,4,60,0,60,0.0,3.0,,,,,,,0,0,60,,,sha256_seed42_stride15
standing_20260714_142400_20hz,data/staging/20260731_rebuild01/cleaned_csv/standing_20260714_142400_20hz.csv,standing,1,1,60,30,90,1.5,4.5,,,,,,,0,0,60,,,sha256_seed42_stride15
standing_20260714_142408_20hz,data/staging/20260731_rebuild01/cleaned_csv/standing_20260714_142408_20hz.csv,standing,1,2,60,15,75,0.75,3.75,,,,,,,0,0,60,,,sha256_seed42_stride15
standing_20260714_142417_20hz,data/staging/20260731_rebuild01/cleaned_csv/standing_20260714_142417_20hz.csv,standing,1,3,60,0,60,0.0,3.0,,,,,,,0,0,60,,,sha256_seed42_stride15
standing_20260714_142458_20hz,data/staging/20260731_rebuild01/cleaned_csv/standing_20260714_142458_20hz.csv,standing,1,4,60,0,60,0.0,3.0,,,,,,,0,0,60,,,sha256_seed42_stride15
standing_20260714_142507_20hz,data/staging/20260731_rebuild01/cleaned_csv/standing_20260714_142507_20hz.csv,standing,1,1,60,0,60,0.0,3.0,,,,,,,0,0,60,,,sha256_seed42_stride15
standing_20260714_142517_20hz,data/staging/20260731_rebuild01/cleaned_csv/standing_20260714_142517_20hz.csv,standing,1,2,60,30,90,1.5,4.5,,,,,,,0,0,60,,,sha256_seed42_stride15
standing_20260714_142547_20hz,data/staging/20260731_rebuild01/cleaned_csv/standing_20260714_142547_20hz.csv,standing,1,3,60,0,60,0.0,3.0,,,,,,,0,0,60,,,sha256_seed42_stride15
standing_20260714_142556_20hz,data/staging/20260731_rebuild01/cleaned_csv/standing_20260714_142556_20hz.csv,standing,1,4,60,0,60,0.0,3.0,,,,,,,0,0,60,,,sha256_seed42_stride15
standing_20260714_142605_20hz,data/staging/20260731_rebuild01/cleaned_csv/standing_20260714_142605_20hz.csv,standing,1,3,60,0,60,0.0,3.0,,,,,,,0,0,60,,,sha256_seed42_stride15
standing_20260714_142627_20hz,data/staging/20260731_rebuild01/cleaned_csv/standing_20260714_142627_20hz.csv,standing,1,2,60,30,90,1.5,4.5,,,,,,,0,0,60,,,sha256_seed42_stride15
standing_20260714_142636_20hz,data/staging/20260731_rebuild01/cleaned_csv/standing_20260714_142636_20hz.csv,standing,1,3,60,30,90,1.5,4.5,,,,,,,0,0,60,,,sha256_seed42_stride15
standing_20260716_132310_20hz,data/staging/20260731_rebuild01/cleaned_csv/standing_20260716_132310_20hz.csv,standing,1,2,60,30,90,1.5,4.5,,,,,,,0,0,60,,,sha256_seed42_stride15
standing_20260716_132349_20hz,data/staging/20260731_rebuild01/cleaned_csv/standing_20260716_132349_20hz.csv,standing,1,1,60,15,75,0.75,3.75,,,,,,,0,0,60,,,sha256_seed42_stride15
standing_20260716_132406_20hz,data/staging/20260731_rebuild01/cleaned_csv/standing_20260716_132406_20hz.csv,standing,1,4,60,30,90,1.5,4.5,,,,,,,0,0,60,,,sha256_seed42_stride15
standing_20260716_132459_20hz,data/staging/20260731_rebuild01/cleaned_csv/standing_20260716_132459_20hz.csv,standing,1,1,60,30,90,1.5,4.5,,,,,,,0,0,60,,,sha256_seed42_stride15
standing_20260716_132517_20hz,data/staging/20260731_rebuild01/cleaned_csv/standing_20260716_132517_20hz.csv,standing,1,2,60,15,75,0.75,3.75,,,,,,,0,0,60,,,sha256_seed42_stride15
standing_20260716_132530_20hz,data/staging/20260731_rebuild01/cleaned_csv/standing_20260716_132530_20hz.csv,standing,1,4,60,30,90,1.5,4.5,,,,,,,0,0,60,,,sha256_seed42_stride15
standing_20260716_132548_20hz,data/staging/20260731_rebuild01/cleaned_csv/standing_20260716_132548_20hz.csv,standing,1,1,60,30,90,1.5,4.5,,,,,,,0,0,60,,,sha256_seed42_stride15
standing_20260716_132605_20hz,data/staging/20260731_rebuild01/cleaned_csv/standing_20260716_132605_20hz.csv,standing,1,1,60,30,90,1.5,4.5,,,,,,,0,0,60,,,sha256_seed42_stride15
standing_20260716_132622_20hz,data/staging/20260731_rebuild01/cleaned_csv/standing_20260716_132622_20hz.csv,standing,1,2,60,15,75,0.75,3.75,,,,,,,0,0,60,,,sha256_seed42_stride15
standing_20260716_132638_20hz,data/staging/20260731_rebuild01/cleaned_csv/standing_20260716_132638_20hz.csv,standing,1,4,60,0,60,0.0,3.0,,,,,,,0,0,60,,,sha256_seed42_stride15
standing_20260716_132658_20hz,data/staging/20260731_rebuild01/cleaned_csv/standing_20260716_132658_20hz.csv,standing,1,3,60,15,75,0.75,3.75,,,,,,,0,0,60,,,sha256_seed42_stride15
standing_20260716_132713_20hz,data/staging/20260731_rebuild01/cleaned_csv/standing_20260716_132713_20hz.csv,standing,1,4,60,30,90,1.5,4.5,,,,,,,0,0,60,,,sha256_seed42_stride15
standing_20260716_132728_20hz,data/staging/20260731_rebuild01/cleaned_csv/standing_20260716_132728_20hz.csv,standing,1,3,60,0,60,0.0,3.0,,,,,,,0,0,60,,,sha256_seed42_stride15
standing_20260716_132752_20hz,data/staging/20260731_rebuild01/cleaned_csv/standing_20260716_132752_20hz.csv,standing,1,1,60,15,75,0.75,3.75,,,,,,,0,0,60,,,sha256_seed42_stride15
standing_20260716_132808_20hz,data/staging/20260731_rebuild01/cleaned_csv/standing_20260716_132808_20hz.csv,standing,1,2,60,0,60,0.0,3.0,,,,,,,0,0,60,,,sha256_seed42_stride15
standing_20260716_132822_20hz,data/staging/20260731_rebuild01/cleaned_csv/standing_20260716_132822_20hz.csv,standing,1,4,60,15,75,0.75,3.75,,,,,,,0,0,60,,,sha256_seed42_stride15
standing_20260716_132839_20hz,data/staging/20260731_rebuild01/cleaned_csv/standing_20260716_132839_20hz.csv,standing,1,1,60,15,75,0.75,3.75,,,,,,,0,0,60,,,sha256_seed42_stride15
standing_20260716_132855_20hz,data/staging/20260731_rebuild01/cleaned_csv/standing_20260716_132855_20hz.csv,standing,1,3,60,0,60,0.0,3.0,,,,,,,0,0,60,,,sha256_seed42_stride15
standing_20260716_132939_20hz,data/staging/20260731_rebuild01/cleaned_csv/standing_20260716_132939_20hz.csv,standing,1,2,60,15,75,0.75,3.75,,,,,,,0,0,60,,,sha256_seed42_stride15
standing_20260716_132954_20hz,data/staging/20260731_rebuild01/cleaned_csv/standing_20260716_132954_20hz.csv,standing,1,4,60,0,60,0.0,3.0,,,,,,,0,0,60,,,sha256_seed42_stride15
standing_20260716_133007_20hz,data/staging/20260731_rebuild01/cleaned_csv/standing_20260716_133007_20hz.csv,standing,1,4,60,0,60,0.0,3.0,,,,,,,0,0,60,,,sha256_seed42_stride15
standing_20260716_133024_20hz,data/staging/20260731_rebuild01/cleaned_csv/standing_20260716_133024_20hz.csv,standing,1,3,60,0,60,0.0,3.0,,,,,,,0,0,60,,,sha256_seed42_stride15
standing_20260716_133038_20hz,data/staging/20260731_rebuild01/cleaned_csv/standing_20260716_133038_20hz.csv,standing,1,3,60,15,75,0.75,3.75,,,,,,,0,0,60,,,sha256_seed42_stride15
standing_20260716_133059_20hz,data/staging/20260731_rebuild01/cleaned_csv/standing_20260716_133059_20hz.csv,standing,1,1,60,0,60,0.0,3.0,,,,,,,0,0,60,,,sha256_seed42_stride15
standing_20260716_133145_20hz,data/staging/20260731_rebuild01/cleaned_csv/standing_20260716_133145_20hz.csv,standing,1,4,60,15,75,0.75,3.75,,,,,,,0,0,60,,,sha256_seed42_stride15
standing_20260716_133230_20hz,data/staging/20260731_rebuild01/cleaned_csv/standing_20260716_133230_20hz.csv,standing,1,2,60,15,75,0.75,3.75,,,,,,,0,0,60,,,sha256_seed42_stride15
standing_20260716_133244_20hz,data/staging/20260731_rebuild01/cleaned_csv/standing_20260716_133244_20hz.csv,standing,1,2,60,30,90,1.5,4.5,,,,,,,0,0,60,,,sha256_seed42_stride15
standing_20260716_133300_20hz,data/staging/20260731_rebuild01/cleaned_csv/standing_20260716_133300_20hz.csv,standing,1,2,60,15,75,0.75,3.75,,,,,,,0,0,60,,,sha256_seed42_stride15
standing_20260716_133314_20hz,data/staging/20260731_rebuild01/cleaned_csv/standing_20260716_133314_20hz.csv,standing,1,3,60,30,90,1.5,4.5,,,,,,,0,0,60,,,sha256_seed42_stride15
standing_20260716_133336_20hz,data/staging/20260731_rebuild01/cleaned_csv/standing_20260716_133336_20hz.csv,standing,1,4,60,15,75,0.75,3.75,,,,,,,0,0,60,,,sha256_seed42_stride15
standing_20260716_133356_20hz,data/staging/20260731_rebuild01/cleaned_csv/standing_20260716_133356_20hz.csv,standing,1,1,60,0,60,0.0,3.0,,,,,,,0,0,60,,,sha256_seed42_stride15
standing_20260716_133409_20hz,data/staging/20260731_rebuild01/cleaned_csv/standing_20260716_133409_20hz.csv,standing,1,2,60,0,60,0.0,3.0,,,,,,,0,0,60,,,sha256_seed42_stride15
standing_20260716_133528_20hz,data/staging/20260731_rebuild01/cleaned_csv/standing_20260716_133528_20hz.csv,standing,1,3,60,15,75,0.75,3.75,,,,,,,0,0,60,,,sha256_seed42_stride15
standing_20260716_133547_20hz,data/staging/20260731_rebuild01/cleaned_csv/standing_20260716_133547_20hz.csv,standing,1,1,60,0,60,0.0,3.0,,,,,,,0,0,60,,,sha256_seed42_stride15
standing_20260716_133711_20hz,data/staging/20260731_rebuild01/cleaned_csv/standing_20260716_133711_20hz.csv,standing,1,2,60,15,75,0.75,3.75,,,,,,,0,0,60,,,sha256_seed42_stride15
standing_20260717_145758_20hz,data/staging/20260731_rebuild01/cleaned_csv/standing_20260717_145758_20hz.csv,standing,1,1,60,15,75,0.75,3.75,,,,,,,0,0,60,,,sha256_seed42_stride15
standing_20260717_145810_20hz,data/staging/20260731_rebuild01/cleaned_csv/standing_20260717_145810_20hz.csv,standing,1,3,60,0,60,0.0,3.0,,,,,,,0,0,60,,,sha256_seed42_stride15
standing_20260717_145826_20hz,data/staging/20260731_rebuild01/cleaned_csv/standing_20260717_145826_20hz.csv,standing,1,1,60,15,75,0.75,3.75,,,,,,,0,0,60,,,sha256_seed42_stride15
standing_20260717_145842_20hz,data/staging/20260731_rebuild01/cleaned_csv/standing_20260717_145842_20hz.csv,standing,1,4,60,15,75,0.75,3.75,,,,,,,0,0,60,,,sha256_seed42_stride15
standing_20260717_145855_20hz,data/staging/20260731_rebuild01/cleaned_csv/standing_20260717_145855_20hz.csv,standing,1,2,60,0,60,0.0,3.0,,,,,,,0,0,60,,,sha256_seed42_stride15
standing_20260717_145919_20hz,data/staging/20260731_rebuild01/cleaned_csv/standing_20260717_145919_20hz.csv,standing,1,3,60,30,90,1.5,4.5,,,,,,,0,0,60,,,sha256_seed42_stride15
standing_20260717_145931_20hz,data/staging/20260731_rebuild01/cleaned_csv/standing_20260717_145931_20hz.csv,standing,1,3,60,15,75,0.75,3.75,,,,,,,0,0,60,,,sha256_seed42_stride15
standing_20260717_145943_20hz,data/staging/20260731_rebuild01/cleaned_csv/standing_20260717_145943_20hz.csv,standing,1,4,60,0,60,0.0,3.0,,,,,,,0,0,60,,,sha256_seed42_stride15
standing_20260717_145957_20hz,data/staging/20260731_rebuild01/cleaned_csv/standing_20260717_145957_20hz.csv,standing,1,3,60,30,90,1.5,4.5,,,,,,,0,0,60,,,sha256_seed42_stride15
standing_20260717_150019_20hz,data/staging/20260731_rebuild01/cleaned_csv/standing_20260717_150019_20hz.csv,standing,1,4,60,0,60,0.0,3.0,,,,,,,0,0,60,,,sha256_seed42_stride15
standing_20260717_150034_20hz,data/staging/20260731_rebuild01/cleaned_csv/standing_20260717_150034_20hz.csv,standing,1,2,60,30,90,1.5,4.5,,,,,,,0,0,60,,,sha256_seed42_stride15
standing_20260717_150103_20hz,data/staging/20260731_rebuild01/cleaned_csv/standing_20260717_150103_20hz.csv,standing,1,1,60,0,60,0.0,3.0,,,,,,,0,0,60,,,sha256_seed42_stride15
standing_20260717_150114_20hz,data/staging/20260731_rebuild01/cleaned_csv/standing_20260717_150114_20hz.csv,standing,1,3,60,15,75,0.75,3.75,,,,,,,0,0,60,,,sha256_seed42_stride15
standing_20260717_150206_20hz,data/staging/20260731_rebuild01/cleaned_csv/standing_20260717_150206_20hz.csv,standing,1,1,60,30,90,1.5,4.5,,,,,,,0,0,60,,,sha256_seed42_stride15
standing_20260717_150221_20hz,data/staging/20260731_rebuild01/cleaned_csv/standing_20260717_150221_20hz.csv,standing,1,1,60,15,75,0.75,3.75,,,,,,,0,0,60,,,sha256_seed42_stride15
standing_20260717_150241_20hz,data/staging/20260731_rebuild01/cleaned_csv/standing_20260717_150241_20hz.csv,standing,1,2,60,15,75,0.75,3.75,,,,,,,0,0,60,,,sha256_seed42_stride15
standing_20260717_150257_20hz,data/staging/20260731_rebuild01/cleaned_csv/standing_20260717_150257_20hz.csv,standing,1,3,60,15,75,0.75,3.75,,,,,,,0,0,60,,,sha256_seed42_stride15
standing_20260717_150312_20hz,data/staging/20260731_rebuild01/cleaned_csv/standing_20260717_150312_20hz.csv,standing,1,4,60,30,90,1.5,4.5,,,,,,,0,0,60,,,sha256_seed42_stride15
standing_20260717_150330_20hz,data/staging/20260731_rebuild01/cleaned_csv/standing_20260717_150330_20hz.csv,standing,1,4,60,0,60,0.0,3.0,,,,,,,0,0,60,,,sha256_seed42_stride15
standing_20260717_150533_20hz,data/staging/20260731_rebuild01/cleaned_csv/standing_20260717_150533_20hz.csv,standing,1,1,60,0,60,0.0,3.0,,,,,,,0,0,60,,,sha256_seed42_stride15
standing_20260717_150555_20hz,data/staging/20260731_rebuild01/cleaned_csv/standing_20260717_150555_20hz.csv,standing,1,2,60,0,60,0.0,3.0,,,,,,,0,0,60,,,sha256_seed42_stride15
standing_20260717_150613_20hz,data/staging/20260731_rebuild01/cleaned_csv/standing_20260717_150613_20hz.csv,standing,1,3,60,30,90,1.5,4.5,,,,,,,0,0,60,,,sha256_seed42_stride15
standing_20260717_150628_20hz,data/staging/20260731_rebuild01/cleaned_csv/standing_20260717_150628_20hz.csv,standing,1,1,60,0,60,0.0,3.0,,,,,,,0,0,60,,,sha256_seed42_stride15
standing_20260717_150643_20hz,data/staging/20260731_rebuild01/cleaned_csv/standing_20260717_150643_20hz.csv,standing,1,2,60,15,75,0.75,3.75,,,,,,,0,0,60,,,sha256_seed42_stride15
standing_20260717_150656_20hz,data/staging/20260731_rebuild01/cleaned_csv/standing_20260717_150656_20hz.csv,standing,1,3,60,30,90,1.5,4.5,,,,,,,0,0,60,,,sha256_seed42_stride15
standing_20260717_150805_20hz,data/staging/20260731_rebuild01/cleaned_csv/standing_20260717_150805_20hz.csv,standing,1,4,60,0,60,0.0,3.0,,,,,,,0,0,60,,,sha256_seed42_stride15
standing_20260717_150824_20hz,data/staging/20260731_rebuild01/cleaned_csv/standing_20260717_150824_20hz.csv,standing,1,4,60,30,90,1.5,4.5,,,,,,,0,0,60,,,sha256_seed42_stride15
standing_20260717_150842_20hz,data/staging/20260731_rebuild01/cleaned_csv/standing_20260717_150842_20hz.csv,standing,1,4,60,15,75,0.75,3.75,,,,,,,0,0,60,,,sha256_seed42_stride15
standing_20260717_150900_20hz,data/staging/20260731_rebuild01/cleaned_csv/standing_20260717_150900_20hz.csv,standing,1,2,60,15,75,0.75,3.75,,,,,,,0,0,60,,,sha256_seed42_stride15
standing_20260717_150916_20hz,data/staging/20260731_rebuild01/cleaned_csv/standing_20260717_150916_20hz.csv,standing,1,1,60,0,60,0.0,3.0,,,,,,,0,0,60,,,sha256_seed42_stride15
standing_20260717_151033_20hz,data/staging/20260731_rebuild01/cleaned_csv/standing_20260717_151033_20hz.csv,standing,1,2,60,30,90,1.5,4.5,,,,,,,0,0,60,,,sha256_seed42_stride15
walking_20260715_132014_20hz,data/staging/20260731_rebuild01/cleaned_csv/walking_20260715_132014_20hz.csv,walking,0,3,60,0,60,0.0,3.0,,,,,,,0,0,60,,,sha256_seed42_stride15
walking_20260715_132116_20hz,data/staging/20260731_rebuild01/cleaned_csv/walking_20260715_132116_20hz.csv,walking,0,4,60,30,90,1.5,4.5,,,,,,,0,0,60,,,sha256_seed42_stride15
walking_20260715_132127_20hz,data/staging/20260731_rebuild01/cleaned_csv/walking_20260715_132127_20hz.csv,walking,0,3,60,0,60,0.0,3.0,,,,,,,0,0,60,,,sha256_seed42_stride15
walking_20260715_132139_20hz,data/staging/20260731_rebuild01/cleaned_csv/walking_20260715_132139_20hz.csv,walking,0,2,60,15,75,0.75,3.75,,,,,,,0,0,60,,,sha256_seed42_stride15
walking_20260715_132151_20hz,data/staging/20260731_rebuild01/cleaned_csv/walking_20260715_132151_20hz.csv,walking,0,1,60,30,90,1.5,4.5,,,,,,,0,0,60,,,sha256_seed42_stride15
walking_20260715_132209_20hz,data/staging/20260731_rebuild01/cleaned_csv/walking_20260715_132209_20hz.csv,walking,0,3,60,30,90,1.5,4.5,,,,,,,0,0,60,,,sha256_seed42_stride15
walking_20260715_132218_20hz,data/staging/20260731_rebuild01/cleaned_csv/walking_20260715_132218_20hz.csv,walking,0,4,60,0,60,0.0,3.0,,,,,,,0,0,60,,,sha256_seed42_stride15
walking_20260715_132228_20hz,data/staging/20260731_rebuild01/cleaned_csv/walking_20260715_132228_20hz.csv,walking,0,1,60,0,60,0.0,3.0,,,,,,,0,0,60,,,sha256_seed42_stride15
walking_20260715_132237_20hz,data/staging/20260731_rebuild01/cleaned_csv/walking_20260715_132237_20hz.csv,walking,0,2,60,15,75,0.75,3.75,,,,,,,0,0,60,,,sha256_seed42_stride15
walking_20260715_132247_20hz,data/staging/20260731_rebuild01/cleaned_csv/walking_20260715_132247_20hz.csv,walking,0,3,60,30,90,1.5,4.5,,,,,,,0,0,60,,,sha256_seed42_stride15
walking_20260715_132314_20hz,data/staging/20260731_rebuild01/cleaned_csv/walking_20260715_132314_20hz.csv,walking,0,4,60,0,60,0.0,3.0,,,,,,,0,0,60,,,sha256_seed42_stride15
walking_20260715_132323_20hz,data/staging/20260731_rebuild01/cleaned_csv/walking_20260715_132323_20hz.csv,walking,0,1,60,15,75,0.75,3.75,,,,,,,0,0,60,,,sha256_seed42_stride15
walking_20260715_132332_20hz,data/staging/20260731_rebuild01/cleaned_csv/walking_20260715_132332_20hz.csv,walking,0,1,60,30,90,1.5,4.5,,,,,,,0,0,60,,,sha256_seed42_stride15
walking_20260715_132341_20hz,data/staging/20260731_rebuild01/cleaned_csv/walking_20260715_132341_20hz.csv,walking,0,3,60,15,75,0.75,3.75,,,,,,,0,0,60,,,sha256_seed42_stride15
walking_20260715_132351_20hz,data/staging/20260731_rebuild01/cleaned_csv/walking_20260715_132351_20hz.csv,walking,0,2,60,15,75,0.75,3.75,,,,,,,0,0,60,,,sha256_seed42_stride15
walking_20260715_132444_20hz,data/staging/20260731_rebuild01/cleaned_csv/walking_20260715_132444_20hz.csv,walking,0,2,60,30,90,1.5,4.5,,,,,,,0,0,60,,,sha256_seed42_stride15
walking_20260715_132456_20hz,data/staging/20260731_rebuild01/cleaned_csv/walking_20260715_132456_20hz.csv,walking,0,4,60,30,90,1.5,4.5,,,,,,,0,0,60,,,sha256_seed42_stride15
walking_20260715_132509_20hz,data/staging/20260731_rebuild01/cleaned_csv/walking_20260715_132509_20hz.csv,walking,0,1,60,30,90,1.5,4.5,,,,,,,0,0,60,,,sha256_seed42_stride15
walking_20260715_132541_20hz,data/staging/20260731_rebuild01/cleaned_csv/walking_20260715_132541_20hz.csv,walking,0,3,60,15,75,0.75,3.75,,,,,,,0,0,60,,,sha256_seed42_stride15
walking_20260715_132611_20hz,data/staging/20260731_rebuild01/cleaned_csv/walking_20260715_132611_20hz.csv,walking,0,2,60,30,90,1.5,4.5,,,,,,,0,0,60,,,sha256_seed42_stride15
walking_20260715_132825_20hz,data/staging/20260731_rebuild01/cleaned_csv/walking_20260715_132825_20hz.csv,walking,0,4,60,0,60,0.0,3.0,,,,,,,0,0,60,,,sha256_seed42_stride15
walking_20260715_132836_20hz,data/staging/20260731_rebuild01/cleaned_csv/walking_20260715_132836_20hz.csv,walking,0,3,60,30,90,1.5,4.5,,,,,,,0,0,60,,,sha256_seed42_stride15
walking_20260715_132917_20hz,data/staging/20260731_rebuild01/cleaned_csv/walking_20260715_132917_20hz.csv,walking,0,4,60,15,75,0.75,3.75,,,,,,,0,0,60,,,sha256_seed42_stride15
walking_20260715_132929_20hz,data/staging/20260731_rebuild01/cleaned_csv/walking_20260715_132929_20hz.csv,walking,0,2,60,15,75,0.75,3.75,,,,,,,0,0,60,,,sha256_seed42_stride15
walking_20260715_132941_20hz,data/staging/20260731_rebuild01/cleaned_csv/walking_20260715_132941_20hz.csv,walking,0,4,60,0,60,0.0,3.0,,,,,,,0,0,60,,,sha256_seed42_stride15
walking_20260715_132953_20hz,data/staging/20260731_rebuild01/cleaned_csv/walking_20260715_132953_20hz.csv,walking,0,1,60,0,60,0.0,3.0,,,,,,,0,0,60,,,sha256_seed42_stride15
walking_20260715_133010_20hz,data/staging/20260731_rebuild01/cleaned_csv/walking_20260715_133010_20hz.csv,walking,0,3,60,0,60,0.0,3.0,,,,,,,0,0,60,,,sha256_seed42_stride15
walking_20260715_133039_20hz,data/staging/20260731_rebuild01/cleaned_csv/walking_20260715_133039_20hz.csv,walking,0,2,60,15,75,0.75,3.75,,,,,,,0,0,60,,,sha256_seed42_stride15
walking_20260715_133054_20hz,data/staging/20260731_rebuild01/cleaned_csv/walking_20260715_133054_20hz.csv,walking,0,4,60,15,75,0.75,3.75,,,,,,,0,0,60,,,sha256_seed42_stride15
walking_20260715_133119_20hz,data/staging/20260731_rebuild01/cleaned_csv/walking_20260715_133119_20hz.csv,walking,0,4,60,30,90,1.5,4.5,,,,,,,0,0,60,,,sha256_seed42_stride15
walking_20260715_133128_20hz,data/staging/20260731_rebuild01/cleaned_csv/walking_20260715_133128_20hz.csv,walking,0,1,60,-3,57,-0.15,2.85,,,,,,,3,2,55,,,sha256_seed42_stride15
walking_20260715_133138_20hz,data/staging/20260731_rebuild01/cleaned_csv/walking_20260715_133138_20hz.csv,walking,0,3,60,15,75,0.75,3.75,,,,,,,0,0,60,,,sha256_seed42_stride15
walking_20260715_133153_20hz,data/staging/20260731_rebuild01/cleaned_csv/walking_20260715_133153_20hz.csv,walking,0,2,60,30,90,1.5,4.5,,,,,,,0,0,60,,,sha256_seed42_stride15
walking_20260715_133202_20hz,data/staging/20260731_rebuild01/cleaned_csv/walking_20260715_133202_20hz.csv,walking,0,4,60,0,60,0.0,3.0,,,,,,,0,0,60,,,sha256_seed42_stride15
walking_20260715_133312_20hz,data/staging/20260731_rebuild01/cleaned_csv/walking_20260715_133312_20hz.csv,walking,0,1,60,15,75,0.75,3.75,,,,,,,0,0,60,,,sha256_seed42_stride15
walking_20260715_133322_20hz,data/staging/20260731_rebuild01/cleaned_csv/walking_20260715_133322_20hz.csv,walking,0,2,60,0,60,0.0,3.0,,,,,,,0,0,60,,,sha256_seed42_stride15
walking_20260715_133333_20hz,data/staging/20260731_rebuild01/cleaned_csv/walking_20260715_133333_20hz.csv,walking,0,3,60,0,60,0.0,3.0,,,,,,,0,0,60,,,sha256_seed42_stride15
walking_20260715_133344_20hz,data/staging/20260731_rebuild01/cleaned_csv/walking_20260715_133344_20hz.csv,walking,0,3,60,15,75,0.75,3.75,,,,,,,0,0,60,,,sha256_seed42_stride15
walking_20260715_133354_20hz,data/staging/20260731_rebuild01/cleaned_csv/walking_20260715_133354_20hz.csv,walking,0,4,60,30,90,1.5,4.5,,,,,,,0,0,60,,,sha256_seed42_stride15
walking_20260715_133404_20hz,data/staging/20260731_rebuild01/cleaned_csv/walking_20260715_133404_20hz.csv,walking,0,2,60,30,90,1.5,4.5,,,,,,,0,0,60,,,sha256_seed42_stride15
walking_20260715_133416_20hz,data/staging/20260731_rebuild01/cleaned_csv/walking_20260715_133416_20hz.csv,walking,0,4,60,0,60,0.0,3.0,,,,,,,0,0,60,,,sha256_seed42_stride15
walking_20260715_133425_20hz,data/staging/20260731_rebuild01/cleaned_csv/walking_20260715_133425_20hz.csv,walking,0,1,60,15,75,0.75,3.75,,,,,,,0,0,60,,,sha256_seed42_stride15
walking_20260715_133435_20hz,data/staging/20260731_rebuild01/cleaned_csv/walking_20260715_133435_20hz.csv,walking,0,4,60,30,90,1.5,4.5,,,,,,,0,0,60,,,sha256_seed42_stride15
walking_20260715_133445_20hz,data/staging/20260731_rebuild01/cleaned_csv/walking_20260715_133445_20hz.csv,walking,0,1,60,15,75,0.75,3.75,,,,,,,0,0,60,,,sha256_seed42_stride15
walking_20260715_133456_20hz,data/staging/20260731_rebuild01/cleaned_csv/walking_20260715_133456_20hz.csv,walking,0,2,60,30,90,1.5,4.5,,,,,,,0,0,60,,,sha256_seed42_stride15
walking_20260715_133507_20hz,data/staging/20260731_rebuild01/cleaned_csv/walking_20260715_133507_20hz.csv,walking,0,2,60,15,75,0.75,3.75,,,,,,,0,0,60,,,sha256_seed42_stride15
walking_20260715_133516_20hz,data/staging/20260731_rebuild01/cleaned_csv/walking_20260715_133516_20hz.csv,walking,0,3,60,0,60,0.0,3.0,,,,,,,0,0,60,,,sha256_seed42_stride15
walking_20260715_133526_20hz,data/staging/20260731_rebuild01/cleaned_csv/walking_20260715_133526_20hz.csv,walking,0,1,60,30,90,1.5,4.5,,,,,,,0,0,60,,,sha256_seed42_stride15
walking_20260715_133536_20hz,data/staging/20260731_rebuild01/cleaned_csv/walking_20260715_133536_20hz.csv,walking,0,3,60,30,90,1.5,4.5,,,,,,,0,0,60,,,sha256_seed42_stride15
walking_20260715_133749_20hz,data/staging/20260731_rebuild01/cleaned_csv/walking_20260715_133749_20hz.csv,walking,0,4,60,15,75,0.75,3.75,,,,,,,0,0,60,,,sha256_seed42_stride15
walking_20260715_133803_20hz,data/staging/20260731_rebuild01/cleaned_csv/walking_20260715_133803_20hz.csv,walking,0,1,60,15,75,0.75,3.75,,,,,,,0,0,60,,,sha256_seed42_stride15
walking_20260715_133827_20hz,data/staging/20260731_rebuild01/cleaned_csv/walking_20260715_133827_20hz.csv,walking,0,1,60,30,90,1.5,4.5,,,,,,,0,0,60,,,sha256_seed42_stride15
walking_20260715_133839_20hz,data/staging/20260731_rebuild01/cleaned_csv/walking_20260715_133839_20hz.csv,walking,0,2,60,15,75,0.75,3.75,,,,,,,0,0,60,,,sha256_seed42_stride15
walking_20260715_133852_20hz,data/staging/20260731_rebuild01/cleaned_csv/walking_20260715_133852_20hz.csv,walking,0,2,60,0,60,0.0,3.0,,,,,,,0,0,60,,,sha256_seed42_stride15
walking_20260715_134027_20hz,data/staging/20260731_rebuild01/cleaned_csv/walking_20260715_134027_20hz.csv,walking,0,1,60,0,60,0.0,3.0,,,,,,,0,0,60,,,sha256_seed42_stride15
walking_20260715_134127_20hz,data/staging/20260731_rebuild01/cleaned_csv/walking_20260715_134127_20hz.csv,walking,0,2,60,15,75,0.75,3.75,,,,,,,0,0,60,,,sha256_seed42_stride15
walking_20260715_134140_20hz,data/staging/20260731_rebuild01/cleaned_csv/walking_20260715_134140_20hz.csv,walking,0,4,60,0,60,0.0,3.0,,,,,,,0,0,60,,,sha256_seed42_stride15
walking_20260715_134154_20hz,data/staging/20260731_rebuild01/cleaned_csv/walking_20260715_134154_20hz.csv,walking,0,3,60,30,90,1.5,4.5,,,,,,,0,0,60,,,sha256_seed42_stride15
walking_20260715_134206_20hz,data/staging/20260731_rebuild01/cleaned_csv/walking_20260715_134206_20hz.csv,walking,0,4,60,15,75,0.75,3.75,,,,,,,0,0,60,,,sha256_seed42_stride15
walking_20260715_134221_20hz,data/staging/20260731_rebuild01/cleaned_csv/walking_20260715_134221_20hz.csv,walking,0,2,60,15,75,0.75,3.75,,,,,,,0,0,60,,,sha256_seed42_stride15
walking_20260715_134250_20hz,data/staging/20260731_rebuild01/cleaned_csv/walking_20260715_134250_20hz.csv,walking,0,1,60,15,75,0.75,3.75,,,,,,,0,0,60,,,sha256_seed42_stride15
walking_20260715_134305_20hz,data/staging/20260731_rebuild01/cleaned_csv/walking_20260715_134305_20hz.csv,walking,0,1,60,0,60,0.0,3.0,,,,,,,0,0,60,,,sha256_seed42_stride15
walking_20260715_134324_20hz,data/staging/20260731_rebuild01/cleaned_csv/walking_20260715_134324_20hz.csv,walking,0,3,60,30,90,1.5,4.5,,,,,,,0,0,60,,,sha256_seed42_stride15
walking_20260715_134337_20hz,data/staging/20260731_rebuild01/cleaned_csv/walking_20260715_134337_20hz.csv,walking,0,4,60,15,75,0.75,3.75,,,,,,,0,0,60,,,sha256_seed42_stride15
walking_20260715_134422_20hz,data/staging/20260731_rebuild01/cleaned_csv/walking_20260715_134422_20hz.csv,walking,0,1,60,0,60,0.0,3.0,,,,,,,0,0,60,,,sha256_seed42_stride15
walking_20260715_134435_20hz,data/staging/20260731_rebuild01/cleaned_csv/walking_20260715_134435_20hz.csv,walking,0,3,60,0,60,0.0,3.0,,,,,,,0,0,60,,,sha256_seed42_stride15
walking_20260715_134447_20hz,data/staging/20260731_rebuild01/cleaned_csv/walking_20260715_134447_20hz.csv,walking,0,4,60,15,75,0.75,3.75,,,,,,,0,0,60,,,sha256_seed42_stride15
walking_20260715_134501_20hz,data/staging/20260731_rebuild01/cleaned_csv/walking_20260715_134501_20hz.csv,walking,0,2,60,30,90,1.5,4.5,,,,,,,0,0,60,,,sha256_seed42_stride15
walking_20260715_134511_20hz,data/staging/20260731_rebuild01/cleaned_csv/walking_20260715_134511_20hz.csv,walking,0,3,60,0,60,0.0,3.0,,,,,,,0,0,60,,,sha256_seed42_stride15
walking_20260715_134522_20hz,data/staging/20260731_rebuild01/cleaned_csv/walking_20260715_134522_20hz.csv,walking,0,2,60,30,90,1.5,4.5,,,,,,,0,0,60,,,sha256_seed42_stride15
walking_20260715_134542_20hz,data/staging/20260731_rebuild01/cleaned_csv/walking_20260715_134542_20hz.csv,walking,0,1,60,0,60,0.0,3.0,,,,,,,0,0,60,,,sha256_seed42_stride15
walking_20260715_134552_20hz,data/staging/20260731_rebuild01/cleaned_csv/walking_20260715_134552_20hz.csv,walking,0,3,60,15,75,0.75,3.75,,,,,,,0,0,60,,,sha256_seed42_stride15
walking_20260715_134602_20hz,data/staging/20260731_rebuild01/cleaned_csv/walking_20260715_134602_20hz.csv,walking,0,4,60,0,60,0.0,3.0,,,,,,,0,0,60,,,sha256_seed42_stride15
walking_20260715_134612_20hz,data/staging/20260731_rebuild01/cleaned_csv/walking_20260715_134612_20hz.csv,walking,0,4,60,30,90,1.5,4.5,,,,,,,0,0,60,,,sha256_seed42_stride15
walking_20260715_134622_20hz,data/staging/20260731_rebuild01/cleaned_csv/walking_20260715_134622_20hz.csv,walking,0,1,60,30,90,1.5,4.5,,,,,,,0,0,60,,,sha256_seed42_stride15
walking_20260715_134631_20hz,data/staging/20260731_rebuild01/cleaned_csv/walking_20260715_134631_20hz.csv,walking,0,3,60,0,60,0.0,3.0,,,,,,,0,0,60,,,sha256_seed42_stride15
walking_20260715_134641_20hz,data/staging/20260731_rebuild01/cleaned_csv/walking_20260715_134641_20hz.csv,walking,0,2,60,30,90,1.5,4.5,,,,,,,0,0,60,,,sha256_seed42_stride15
walking_20260715_134650_20hz,data/staging/20260731_rebuild01/cleaned_csv/walking_20260715_134650_20hz.csv,walking,0,4,60,0,60,0.0,3.0,,,,,,,0,0,60,,,sha256_seed42_stride15
walking_20260715_134700_20hz,data/staging/20260731_rebuild01/cleaned_csv/walking_20260715_134700_20hz.csv,walking,0,1,60,30,90,1.5,4.5,,,,,,,0,0,60,,,sha256_seed42_stride15
walking_20260715_134722_20hz,data/staging/20260731_rebuild01/cleaned_csv/walking_20260715_134722_20hz.csv,walking,0,4,60,30,90,1.5,4.5,,,,,,,0,0,60,,,sha256_seed42_stride15
walking_20260715_134732_20hz,data/staging/20260731_rebuild01/cleaned_csv/walking_20260715_134732_20hz.csv,walking,0,2,60,30,90,1.5,4.5,,,,,,,0,0,60,,,sha256_seed42_stride15
walking_20260715_134741_20hz,data/staging/20260731_rebuild01/cleaned_csv/walking_20260715_134741_20hz.csv,walking,0,3,60,30,90,1.5,4.5,,,,,,,0,0,60,,,sha256_seed42_stride15
walking_20260715_134750_20hz,data/staging/20260731_rebuild01/cleaned_csv/walking_20260715_134750_20hz.csv,walking,0,2,60,0,60,0.0,3.0,,,,,,,0,0,60,,,sha256_seed42_stride15
walking_20260715_134800_20hz,data/staging/20260731_rebuild01/cleaned_csv/walking_20260715_134800_20hz.csv,walking,0,2,60,0,60,0.0,3.0,,,,,,,0,0,60,,,sha256_seed42_stride15
walking_20260715_134817_20hz,data/staging/20260731_rebuild01/cleaned_csv/walking_20260715_134817_20hz.csv,walking,0,4,60,30,90,1.5,4.5,,,,,,,0,0,60,,,sha256_seed42_stride15
walking_20260715_134826_20hz,data/staging/20260731_rebuild01/cleaned_csv/walking_20260715_134826_20hz.csv,walking,0,2,60,30,90,1.5,4.5,,,,,,,0,0,60,,,sha256_seed42_stride15
walking_20260715_134836_20hz,data/staging/20260731_rebuild01/cleaned_csv/walking_20260715_134836_20hz.csv,walking,0,1,60,0,60,0.0,3.0,,,,,,,0,0,60,,,sha256_seed42_stride15
walking_20260715_134846_20hz,data/staging/20260731_rebuild01/cleaned_csv/walking_20260715_134846_20hz.csv,walking,0,3,60,30,90,1.5,4.5,,,,,,,0,0,60,,,sha256_seed42_stride15
walking_20260715_134856_20hz,data/staging/20260731_rebuild01/cleaned_csv/walking_20260715_134856_20hz.csv,walking,0,1,60,0,60,0.0,3.0,,,,,,,0,0,60,,,sha256_seed42_stride15
walking_20260715_134933_20hz,data/staging/20260731_rebuild01/cleaned_csv/walking_20260715_134933_20hz.csv,walking,0,3,60,30,90,1.5,4.5,,,,,,,0,0,60,,,sha256_seed42_stride15
walking_20260715_134945_20hz,data/staging/20260731_rebuild01/cleaned_csv/walking_20260715_134945_20hz.csv,walking,0,2,60,15,75,0.75,3.75,,,,,,,0,0,60,,,sha256_seed42_stride15
walking_20260715_134957_20hz,data/staging/20260731_rebuild01/cleaned_csv/walking_20260715_134957_20hz.csv,walking,0,3,60,15,75,0.75,3.75,,,,,,,0,0,60,,,sha256_seed42_stride15
walking_20260715_135009_20hz,data/staging/20260731_rebuild01/cleaned_csv/walking_20260715_135009_20hz.csv,walking,0,4,60,0,60,0.0,3.0,,,,,,,0,0,60,,,sha256_seed42_stride15
walking_20260715_135022_20hz,data/staging/20260731_rebuild01/cleaned_csv/walking_20260715_135022_20hz.csv,walking,0,1,60,0,60,0.0,3.0,,,,,,,0,0,60,,,sha256_seed42_stride15
walking_20260715_135036_20hz,data/staging/20260731_rebuild01/cleaned_csv/walking_20260715_135036_20hz.csv,walking,0,2,60,15,75,0.75,3.75,,,,,,,0,0,60,,,sha256_seed42_stride15
walking_20260715_135049_20hz,data/staging/20260731_rebuild01/cleaned_csv/walking_20260715_135049_20hz.csv,walking,0,4,60,30,90,1.5,4.5,,,,,,,0,0,60,,,sha256_seed42_stride15
walking_20260715_135102_20hz,data/staging/20260731_rebuild01/cleaned_csv/walking_20260715_135102_20hz.csv,walking,0,4,60,15,75,0.75,3.75,,,,,,,0,0,60,,,sha256_seed42_stride15
walking_20260715_135116_20hz,data/staging/20260731_rebuild01/cleaned_csv/walking_20260715_135116_20hz.csv,walking,0,3,60,0,60,0.0,3.0,,,,,,,0,0,60,,,sha256_seed42_stride15
walking_20260715_135129_20hz,data/staging/20260731_rebuild01/cleaned_csv/walking_20260715_135129_20hz.csv,walking,0,2,60,30,90,1.5,4.5,,,,,,,0,0,60,,,sha256_seed42_stride15
walking_20260715_135141_20hz,data/staging/20260731_rebuild01/cleaned_csv/walking_20260715_135141_20hz.csv,walking,0,2,60,0,60,0.0,3.0,,,,,,,0,0,60,,,sha256_seed42_stride15
walking_20260715_135158_20hz,data/staging/20260731_rebuild01/cleaned_csv/walking_20260715_135158_20hz.csv,walking,0,3,60,15,75,0.75,3.75,,,,,,,0,0,60,,,sha256_seed42_stride15
walking_20260715_175015_20hz,data/staging/20260731_rebuild01/cleaned_csv/walking_20260715_175015_20hz.csv,walking,0,4,60,0,60,0.0,3.0,,,,,,,0,0,60,,,sha256_seed42_stride15
walking_20260715_175053_20hz,data/staging/20260731_rebuild01/cleaned_csv/walking_20260715_175053_20hz.csv,walking,0,1,60,15,75,0.75,3.75,,,,,,,0,0,60,,,sha256_seed42_stride15
walking_20260715_175122_20hz,data/staging/20260731_rebuild01/cleaned_csv/walking_20260715_175122_20hz.csv,walking,0,1,60,0,60,0.0,3.0,,,,,,,0,0,60,,,sha256_seed42_stride15
walking_20260715_175352_20hz,data/staging/20260731_rebuild01/cleaned_csv/walking_20260715_175352_20hz.csv,walking,0,3,60,0,60,0.0,3.0,,,,,,,0,0,60,,,sha256_seed42_stride15
walking_20260715_175426_20hz,data/staging/20260731_rebuild01/cleaned_csv/walking_20260715_175426_20hz.csv,walking,0,1,60,30,90,1.5,4.5,,,,,,,0,0,60,,,sha256_seed42_stride15
walking_20260715_175445_20hz,data/staging/20260731_rebuild01/cleaned_csv/walking_20260715_175445_20hz.csv,walking,0,2,60,15,75,0.75,3.75,,,,,,,0,0,60,,,sha256_seed42_stride15
walking_20260715_175458_20hz,data/staging/20260731_rebuild01/cleaned_csv/walking_20260715_175458_20hz.csv,walking,0,4,60,15,75,0.75,3.75,,,,,,,0,0,60,,,sha256_seed42_stride15
walking_20260715_175514_20hz,data/staging/20260731_rebuild01/cleaned_csv/walking_20260715_175514_20hz.csv,walking,0,1,60,30,90,1.5,4.5,,,,,,,0,0,60,,,sha256_seed42_stride15
walking_20260715_175528_20hz,data/staging/20260731_rebuild01/cleaned_csv/walking_20260715_175528_20hz.csv,walking,0,2,60,15,75,0.75,3.75,,,,,,,0,0,60,,,sha256_seed42_stride15
walking_20260715_175540_20hz,data/staging/20260731_rebuild01/cleaned_csv/walking_20260715_175540_20hz.csv,walking,0,3,60,30,90,1.5,4.5,,,,,,,0,0,60,,,sha256_seed42_stride15
walking_20260715_175552_20hz,data/staging/20260731_rebuild01/cleaned_csv/walking_20260715_175552_20hz.csv,walking,0,1,60,15,75,0.75,3.75,,,,,,,0,0,60,,,sha256_seed42_stride15
walking_20260715_175605_20hz,data/staging/20260731_rebuild01/cleaned_csv/walking_20260715_175605_20hz.csv,walking,0,4,60,15,75,0.75,3.75,,,,,,,0,0,60,,,sha256_seed42_stride15
walking_20260715_175627_20hz,data/staging/20260731_rebuild01/cleaned_csv/walking_20260715_175627_20hz.csv,walking,0,4,60,30,90,1.5,4.5,,,,,,,0,0,60,,,sha256_seed42_stride15
walking_20260715_175641_20hz,data/staging/20260731_rebuild01/cleaned_csv/walking_20260715_175641_20hz.csv,walking,0,2,60,15,75,0.75,3.75,,,,,,,0,0,60,,,sha256_seed42_stride15
walking_20260715_175652_20hz,data/staging/20260731_rebuild01/cleaned_csv/walking_20260715_175652_20hz.csv,walking,0,3,60,0,60,0.0,3.0,,,,,,,0,0,60,,,sha256_seed42_stride15
walking_20260715_175705_20hz,data/staging/20260731_rebuild01/cleaned_csv/walking_20260715_175705_20hz.csv,walking,0,2,60,15,75,0.75,3.75,,,,,,,0,0,60,,,sha256_seed42_stride15
walking_20260715_175721_20hz,data/staging/20260731_rebuild01/cleaned_csv/walking_20260715_175721_20hz.csv,walking,0,3,60,-2,58,-0.1,2.9,,,,,,,2,2,56,,,sha256_seed42_stride15
walking_20260715_175733_20hz,data/staging/20260731_rebuild01/cleaned_csv/walking_20260715_175733_20hz.csv,walking,0,4,60,15,75,0.75,3.75,,,,,,,0,0,60,,,sha256_seed42_stride15
walking_20260715_175747_20hz,data/staging/20260731_rebuild01/cleaned_csv/walking_20260715_175747_20hz.csv,walking,0,1,60,15,75,0.75,3.75,,,,,,,0,0,60,,,sha256_seed42_stride15
walking_20260715_175758_20hz,data/staging/20260731_rebuild01/cleaned_csv/walking_20260715_175758_20hz.csv,walking,0,1,60,0,60,0.0,3.0,,,,,,,0,0,60,,,sha256_seed42_stride15
walking_20260715_175810_20hz,data/staging/20260731_rebuild01/cleaned_csv/walking_20260715_175810_20hz.csv,walking,0,4,60,30,90,1.5,4.5,,,,,,,0,0,60,,,sha256_seed42_stride15
walking_20260715_175823_20hz,data/staging/20260731_rebuild01/cleaned_csv/walking_20260715_175823_20hz.csv,walking,0,2,60,30,90,1.5,4.5,,,,,,,0,0,60,,,sha256_seed42_stride15
walking_20260715_175836_20hz,data/staging/20260731_rebuild01/cleaned_csv/walking_20260715_175836_20hz.csv,walking,0,3,60,30,90,1.5,4.5,,,,,,,0,0,60,,,sha256_seed42_stride15
walking_20260715_175924_20hz,data/staging/20260731_rebuild01/cleaned_csv/walking_20260715_175924_20hz.csv,walking,0,1,60,15,75,0.75,3.75,,,,,,,0,0,60,,,sha256_seed42_stride15
walking_20260715_175935_20hz,data/staging/20260731_rebuild01/cleaned_csv/walking_20260715_175935_20hz.csv,walking,0,2,60,15,75,0.75,3.75,,,,,,,0,0,60,,,sha256_seed42_stride15
walking_20260715_175955_20hz,data/staging/20260731_rebuild01/cleaned_csv/walking_20260715_175955_20hz.csv,walking,0,1,60,15,75,0.75,3.75,,,,,,,0,0,60,,,sha256_seed42_stride15
walking_20260715_180006_20hz,data/staging/20260731_rebuild01/cleaned_csv/walking_20260715_180006_20hz.csv,walking,0,3,60,0,60,0.0,3.0,,,,,,,0,0,60,,,sha256_seed42_stride15
walking_20260715_180126_20hz,data/staging/20260731_rebuild01/cleaned_csv/walking_20260715_180126_20hz.csv,walking,0,2,60,15,75,0.75,3.75,,,,,,,0,0,60,,,sha256_seed42_stride15
walking_20260715_180137_20hz,data/staging/20260731_rebuild01/cleaned_csv/walking_20260715_180137_20hz.csv,walking,0,4,60,15,75,0.75,3.75,,,,,,,0,0,60,,,sha256_seed42_stride15
walking_20260715_180151_20hz,data/staging/20260731_rebuild01/cleaned_csv/walking_20260715_180151_20hz.csv,walking,0,4,60,0,60,0.0,3.0,,,,,,,0,0,60,,,sha256_seed42_stride15
walking_20260715_180205_20hz,data/staging/20260731_rebuild01/cleaned_csv/walking_20260715_180205_20hz.csv,walking,0,1,60,15,75,0.75,3.75,,,,,,,0,0,60,,,sha256_seed42_stride15
walking_20260715_180232_20hz,data/staging/20260731_rebuild01/cleaned_csv/walking_20260715_180232_20hz.csv,walking,0,3,60,30,90,1.5,4.5,,,,,,,0,0,60,,,sha256_seed42_stride15
walking_20260715_180248_20hz,data/staging/20260731_rebuild01/cleaned_csv/walking_20260715_180248_20hz.csv,walking,0,4,60,0,60,0.0,3.0,,,,,,,0,0,60,,,sha256_seed42_stride15
walking_20260715_180358_20hz,data/staging/20260731_rebuild01/cleaned_csv/walking_20260715_180358_20hz.csv,walking,0,1,60,0,60,0.0,3.0,,,,,,,0,0,60,,,sha256_seed42_stride15
walking_20260715_180413_20hz,data/staging/20260731_rebuild01/cleaned_csv/walking_20260715_180413_20hz.csv,walking,0,2,60,15,75,0.75,3.75,,,,,,,0,0,60,,,sha256_seed42_stride15
